Matches	Ontology -  all instances of class from New SmartTable with an amino acid	Synonyms	Object ID
an amino acid	(2S, 3S)-3-methylaspartate	beta-methylaspartate // L-threo-3-methylaspartate // L-threo-3-methyl-aspartate	L-THREO-3-METHYL-ASPARTATE
an amino acid	(2S,3E)-2-amino-4-(2-aminoethoxy)but-3-enoate	aminoethoxyvinylglycine // Aviglycine // L-2-amino-4-(2-aminoethoxy)-trans-3-butenoic acid // L-trans-2-amino-4-(2-aminoethoxy)-3-butenoic acid // (S-(E))-2-amino-4-(2-aminoethoxy)-3-butenoic acid // L-2-amino-4-(2'-aminoethoxy)-trans-3-butenoic acid // AVG	CPD-13353
an amino acid	(3<i>R</i>)-&beta;-phenylalanine	L-beta-phenylalanine // (R)-beta-phenylalanine	CPD-14474
an amino acid	(L-aspartyl)adenylate	L-aspartyl-adenylate	CPD0-915
an amino acid	(L-seryl)adenylate	L-seryl-AMP // L-seryl-adenylate	SERYL-AMP
an amino acid	(R)-2-aminobutanoate	D-alpha-amino-N-butyrate // D-2-aminobutyrate // D-alpha-aminobutyric acid // (R)-2-aminobutanoic acid // D-(-)-2-aminobutyric acid // D-2-aminobutyric acid // D-2-aminobutanoate	CPD0-1952
an amino acid	(R)-&beta;-lysine	3,6-diaminohexanoate // D-beta-lysine	CPD0-1032
an amino acid	(<i>R</i>)-S-adenosyl-L-methionine		CPD0-2554
an amino acid	(S)-2-aminobutanoate	L-alpha-amino-n-butyric acid // (-)-2-aminobutyric acid // L-2-aminobutyrate // L-(+)-2-aminobutyric acid // L-butyrine // L-2-aminobutyric acid // L-alpha-amino-n-butyrate // L-alpha-aminobutyric acid // L-alpha-aminobutyrate	CPD0-1942
an amino acid	1-aminocyclopropane-1-carboxylate	1-aminocyclopropane-1-carboxylic acid // ACC // 1-aminocyclopropanecarboxylic acid // 1-aminocyclopropanecarboxylate	CPD-68
an amino acid	2-chloro-L-alanine		CPD0-1475
an amino acid	2-methylaspartate	alpha-methyl-DL-aspartate	CPD0-1614
an amino acid	3,4-dehydroproline	3,4-dehydro-DL-proline // 3,4-Didehydro-proline // 3-Pyrroline-2-carboxylic acid // 2,5-dihydro-1H-pyrrole-2-carboxylic acid	CPD0-1103
an amino acid	3-(sulfanylcarbamoyl)-L-alanine		CPD0-1386
an amino acid	3-chloro-D-alanine	beta-chloro-D-alanine	3-CHLORO-D-ALANINE
an amino acid	3-chloro-L-alanine	beta-chloro-L-alanine	CHLORALAN-CPD
an amino acid	3-nitrilo-L-alanine	amino(cyano)acetate	CPD0-1336
an amino acid	3-oxo-L-alanine	FGly // (S)-Calpha-formylglycine // 2-aminomalonate semialdehyde // (S)-formylglycine	2-AMINOMALONATE-SEMIALDEHYDE
an amino acid	3-sulfino-L-alanine	cysteine sulfinate // cysteine sulphinate // L-cysteine sulfinate // 3-sulfinoalanine // L-cysteinesulfinic acid // 3-sulphino-L-alanine // cysteine-sulfinate	3-SULFINOALANINE
an amino acid	4-fluoro-L-tryptophan		CPD0-922
an amino acid	4-hydroxy-L-<i>allo</i>-threonine		CPD0-2375
an amino acid	4-hydroxy-L-threonine	(2S,3S)-2-amino-3,4-dihydroxybutanoic acid // hydroxythreonine // 3-hydroxyhomoserine	CPD0-2189
an amino acid	5-diazo-4-oxo-norvaline		CPD0-1541
an amino acid	5-hydroxy-2-(3-DL-alanyl)-pyridine	HPA	CPD0-925
an amino acid	6-diazo-5-oxonorleucine	6-diazo-5-oxo-norleucine // DON // diazooxonorleucine // 6-diazo-5-oxo-L-norleucine	CPD0-1627
an amino acid	7-methyl-L-tryptophan		CPD0-1544
an amino acid	alpha-aminopimelate	DL-alpha-aminopimelic acid // DL-alpha-aminopimelate // alpha-aminiopimelic acid // 2-aminopimelate // 2-aminoheptanedioic acid	CPD-9793
an amino acid	&beta;-alanine	3-azaniumylpropanoate // 3-aminopropanoate // 3-aminopropanoic acid	B-ALANINE
an amino acid	&beta;-citryl-L-glutamate		CPD-16470
an amino acid	&beta;-fluoro-L-alanine		CPD0-1335
an amino acid	buthionine sulfoximine	S-butyl-DL-homocysteine (S,R)-sulfoximine // 2-amino-4-(S-butylsulfonimidoyl)butanoate	BUTHIONINE-SULFOXIMINE
an amino acid	creatine	methylguanidinoacetic acid // N-amidinosarcosine // methylglycocyamine // N-methyl-N-guanylglycine	CREATINE
an amino acid	D-alanine		D-ALANINE
an amino acid	D-allothreonine		CPD-10303
an amino acid	D-asparagine		CPD-3633
an amino acid	D-aspartate	D-aspartic acid	CPD-302
an amino acid	D-cystathionine		CPD0-1563
an amino acid	D-cysteine		D-CYSTEINE
an amino acid	D-cystine		CPD0-1564
an amino acid	D-glutamate	D-glutamic acid // D-glu	D-GLT
an amino acid	D-glutamine	glutamide	GLUTAMIDE
an amino acid	D-histidine		CPD-12151
an amino acid	D-homoserine		CPD-12255
an amino acid	D-leucine		CPD-12150
an amino acid	D-lysine	D-2,6-diaminohexanoic acid	CPD-219
an amino acid	D-lysopine	N2-(D-1-carboxyethyl)-L-lysine // (R)-N(2)-(1-carboxyethyl)-L-lysine	CPD-306
an amino acid	D-methionine	D-2-amino-4-(methylthio)butyric acid	CPD-218
an amino acid	D-penicillamine	(-)-penicillamine // (S)-3,3-dimethylcysteine // 3-mercapto-D-valine // D-(-)-penicillamine // D-beta,beta-dimethylcysteine	CPD-7702
an amino acid	D-phenylalanine	D-alpha-amino-beta-phenylpropionic acid	CPD-216
an amino acid	D-selenomethionine		CPD-21777
an amino acid	D-serine		D-SERINE
an amino acid	D-threonine	D-thr // 2-amino-3-hydroxybutyric acid // (2R,3S)-2-amino-3-hydroxybutanoic acid // (2R,3S)-2-amino-3-hydroxybutanoate	D-THREONINE
an amino acid	D-tryptophan		D-TRYPTOPHAN
an amino acid	D-tyrosine	2-amino-3-(4-hydroxyphenyl)-propanoic acid	D-TYROSINE
an amino acid	D-valine	2-amino-3-methylbutanoic acid(D) // D-2-amino-3-methylbutyric acid // D-2-amino-3-methylbutanoic acid // (R)-valine	CPD-3642
an amino acid	DL-selenocystine	3,3'-diselenodialanine // Selenocystine // 3,3'-diselane-1,2-diylbis(2-aminopropanoic acid)	CPD0-1562
an amino acid	fructosylglycine	N-(1-deoxy-D-fructos-1-yl)glycine // fructoseglycine	FRUCTOSEGLYCINE
an amino acid	&gamma;-methylphosphinothricin	GMPPT	CPD0-1249
an amino acid	glycine	G // aminoacetic acid	GLY
an amino acid	L,L-diaminopimelate	L,L-A2pm // L,L-DAP // L,L-2,6-diaminopimelate // L,L-2,6-diaminoheptanedioate	LL-DIAMINOPIMELATE
an amino acid	L,L-homocystine		HOMOCYSTINE
an amino acid	L-2-amino-3-oxobutanoate	3-oxothreonine // 3-keto-L-threonine // L-2-amino-acetoacetate // L-2-amino-3-ketobutyrate // L-2-amino-3-oxobutyrate // alpha-amino-beta-ketobutyrate	AMINO-OXOBUT
an amino acid	L-2-amino-4-oxo-5-chloropentanoate	2-amino-4-oxo-5-chloropentanoic acid // 2-amino-5-chloro-4-oxopentanoic acid // 2-amino-4-keto-5-chloropentanoic acid	CPD0-1224
an amino acid	L-2-aminoadipate	L-aminoadipic acid // L-aminoadipate // L-2-amino-hexanedioic acid // L-alpha-aminoadipate // L-alpha-aminoadipic acid // L-2-aminoadipic acid // L-2-aminohexanedioate	CPD-468
an amino acid	L-alanine	alanine // L-alpha-alanine // ala	L-ALPHA-ALANINE
an amino acid	L-<I>allo</I>-threonine		L-ALLO-THREONINE
an amino acid	L-allocystathionine		CPD0-2539
an amino acid	L-&alpha;-amino-&epsilon;-keto-pimelate	L-2-Amino-6-oxopimelate // L-2-Amino-6-oxoheptanedioate	L-ALPHA-AMINO-EPSILON-KETO-PIMELATE
an amino acid	L-arginine	2-amino-5-guanidinovaleric acid // R // arginine // L-arg	ARG
an amino acid	L-asparagine	asparagine // alpha-aminosuccinamic acid // (-)-asparagine // (S)-2,4-diamino-4-oxobutanoic acid // (S)-asparagine // 2,4-diamino-4-oxobutanoic acid, (S)- // 2-aminosuccinamic acid, L- // agedoite // altheine // asparagine acid // aspartic acid beta-amide // butanoic acid, 2,4-diamino-4-oxo-, (S)- // L-2,4-diamino-4-oxobutanoic acid // L-asparatamine // L-beta-asparagine // N // L-asn	ASN
an amino acid	L-aspartate	L-aspartic acid // aspartic acid // D // aspartate // L-asp	L-ASPARTATE
an amino acid	L-aspartate 4-semialdehyde	L-aspartic 4-semialdehyde // L-aspartate-semialdehyde // L-aspartate beta-semialdehyde	L-ASPARTATE-SEMIALDEHYDE
an amino acid	L-aspartyl-4-phosphate	4-phospho-L-aspartate // L-4-aspartyl phosphate // L-beta-aspartyl-P // L-beta-aspartyl-phosphate // L-aspartyl-4-P // L-aspartyl-beta-phosphate // 4-phosphonato-L-aspartate	L-BETA-ASPARTYL-P
an amino acid	L-azaserine	azaserine	L-AZASERINE
an amino acid	L-citrulline	Ngamma-carbamylornithine // alpha-amino-gamma-ureidovaleric acid // gamma-ureidonorvaline // N5-(Aminocarbonyl)-L-ornithine	L-CITRULLINE
an amino acid	L-cystathionine	cystathionine	L-CYSTATHIONINE
an amino acid	L-cysteine	C // carbocysteine // cysteine // Cys // L-cys	CYS
an amino acid	L-cystine		CYSTINE
an amino acid	L-djenkolate	L-cysteine thioacetal of formaldehyde // L-djenkolic acid // beta,beta'-methylenedithiodialanine // 3,3'-methylenedithiobis(2-aminopropanoic acid) // 3,3'-(methylenedithio)-di-L-alanine	CPD-3740
an amino acid	L-dopa	DOPA // 3-hydroxytyrosine // 3,4-dihydroxy-L-phenylalanine // dihydroxyphenylalanine // L-dihydroxy-phenylalanine // levodopa	L-DIHYDROXY-PHENYLALANINE
an amino acid	L-<i>erythro</i>-3-phenylserine	L-erythro-phenylserine // (2S,3R)-2-amino-3-hydroxy-3-phenylpropanoic acid // L-erythro-beta-phenylserine	CPD-8855
an amino acid	L-ethionine		ETHIONINE
an amino acid	L-glutamate	1-amino-propane-1,3-dicarboxylic acid // glutacid // glutaminic acid // L-glutamic acid // alpha-aminoglutaric acid // E // glt // glut // L-glu // 2-aminopentanedioic acid	GLT
an amino acid	L-glutamate &gamma;-methyl ester	5-methyl L-glutamate // glutamic acid, 5-methylester	CPD-18649
an amino acid	L-glutamate &gamma;-monohydroxamate	L-glutamic acid gamma-monohydroxamate // L-5-N-hydroxyglutamine	CPD-18648
an amino acid	L-glutamate-5-semialdehyde	glutamic gamma-semialdehyde // L-glutamate gamma-semialdehyde // glutamate-semialdehyde	L-GLUTAMATE_GAMMA-SEMIALDEHYDE
an amino acid	L-glutamine	Q // proglumide // glum // glutamine // glumin // 2-aminoglutaramic acid // glutamic acid 5-amide // L-gln	GLN
an amino acid	L-histidine	glyoxaline-5-alanine // alpha-amino-4-imidazoleproprionic acid // (S)-alpha-amino-1H-imidazole-4-propanoic acid // H // histidine // L-his	HIS
an amino acid	L-homoarginine		HOMOARGININE
an amino acid	L-homocysteine	homo-cys // homocysteine	HOMO-CYS
an amino acid	L-homoserine	homo-ser // homoserine // 2-amino-4-hydroxybutanoic acid // 2-amino-4-hydroxybutanoate	HOMO-SER
an amino acid	L-isoleucine	I // iso-leucine // L-ile	ILE
an amino acid	L-kynurenine	kynurenine	CPD-14736
an amino acid	L-leucine	(2S)-alpha-2-amino-4-methylvaleric acid // L // leucine // 2-amino-4-methylvaleric acid // (2S)-alpha-leucine // L-leu	LEU
an amino acid	L-lysine	K // lysine // L-lys // 2,6-diaminohexanoic acid // lysine acid	LYS
an amino acid	L-methionine	M // methionine // L-met	MET
an amino acid	L-methionine sulfone	(S)-amino-4-(methylsulphonyl)butyric acid	CPD-3739
an amino acid	L-methionine-(<i>R</i>)-<i>S</i>-oxide	L-methionine-R-sulfoxide	CPD-8990
an amino acid	L-methionine-(<i>S</i>)-<i>S</i>-oxide		CPD-8989
an amino acid	L-methionine-D,L-sulphoximine	methionine sulfoximine // MSX	CPD-9035
an amino acid	L-norvaline	L-2-aminopentanoic acid // L-(+)-2-aminovaleric acid // L-2-aminopentanoate	L-2-AMINOPENTANOIC-ACID
an amino acid	L-ornithine	Ornithine // 2, 5-diaminovaleric acid // 2, 5-diaminopentanoic acid // 2, 5-diaminopentanoate // alpha,delta-diaminovaleric acid	L-ORNITHINE
an amino acid	L-penicillamine		L-PENICILLAMINE
an amino acid	L-phenylalanine	2S-alpha-phenylalanine // F // endophenyl // phenylalanine // L-phe	PHE
an amino acid	L-proline	2-pyrrolidinecarboxylic acid // P // proline // prol // L-pro	PRO
an amino acid	L-proline betaine	stachydrine // N,N-dimethyl L-proline // proline betaine // (S)-2-carboxylato-1,1-dimethylpyrrolidinium // N,N-dimethylproline // (2S)-1,1-dimethylpyrrolidinium-2-carboxylate	CPD-821
an amino acid	L-selenaproline	selenazolidine-4-carboxylic acid	CPD-18661
an amino acid	L-selenocysteine	selenocys // U	L-SELENOCYSTEINE
an amino acid	L-selenomethionine	selenium L-methionine // seleno-L-methionine	SELENOMETHIONINE
an amino acid	L-serine	S // serine // L-ser	SER
an amino acid	L-<i>threo</i>-3-phenylserine	L-threo-phenylserine // L-threo-phenylserine // L-threo-beta-phenylserine // (2S,3S)-2-amino-3-hydroxy-3-phenylpropanoate	CPD-644
an amino acid	L-threonine	T // thre // L-thr // threonine // 2-amino-3-hydroxybutyric acid	THR
an amino acid	L-threonine 3-O-phosphate	O-phospho-L-threonine // phosphothreonine	L-THREONINE-O-3-PHOSPHATE
an amino acid	L-threonine amide		CPD0-1351
an amino acid	L-tryptophan	W // tryptacin // trofan // tryptophan // 2-amino-3-indolylpropanic acid // L-trp	TRP
an amino acid	L-tryptophanhydroxamate	alpha-amino-N-hydroxy-1H-Indole-3-propanamide	CPD0-1480
an amino acid	L-tyrosine	Y // tyrosine // L-tyr	TYR
an amino acid	L-valine	V // valine // L-val	VAL
an amino acid	lanthionine	3,3'-thiobis-L-alanine // 3,3'-thiodi-L-alanine // L-lanthionine // beta,beta'-thiodi-L-alanine // S-((2R)-2-amino-2-carboxyethyl)-L-cysteine // S-(2-amino-2-carboxyethyl)-, (R)-L-cysteine // DL-lanthionine	CPD-3736
an amino acid	<i>meso</i>-diaminopimelate	meso-2,6-diaminopimelate // meso-A2pm // meso-diaminoheptanedioate // meso-2,6-diaminoheptanedioate // meso-1-alpha,epsilon-diaminopimelate // D,L-diaminopimelate // D,L-DAP // D,L-meso-diaminoheptanedioate // M-DAP	MESO-DIAMINOPIMELATE
an amino acid	<i>meso</i>-lanthionine		CPD0-2538
an amino acid	<i>N,N</i>-dimethylglycine	dimethylglycine	DIMETHYL-GLYCINE
an amino acid	N-(phosphonacetyl)-L-aspartate		CPD0-1617
an amino acid	<i>N</i>-acetyl-DL-methionine	acetyl-DL-methionine	CPD-3738
an amino acid	<i>N</i>-acetyl-L-cysteine	acetylcysteine	CPD-9175
an amino acid	<i>N</i>-acetyl-L-glutamate	N-acetyl-L-glutamic acid // acetyl-L-glu // acetyl-L-glutamate // NAG	ACETYL-GLU
an amino acid	<i>N</i>-acetyl-L-histidine	N2-Acetylhistidine // L-Histidine, N-acetyl- // N-Acetylhistidine // N-alpha-acetyl-L-histidine	CPD-424
an amino acid	<i>N</i>-acetyl-L-methionine	N-acetylmethionine	CPD0-2015
an amino acid	<i>N</i>-acetyl-L-ornithine	N2-acetyl-ornithine // N-alpha-acetylornithine // N-acetylornithine // acetylornithine // N2-acetyl-L-ornithine	N-ALPHA-ACETYLORNITHINE
an amino acid	N-&alpha;-acetyl lysine methyl ester		CPD0-1442
an amino acid	<i>N</i>-benzylglycine	N-(phenylmethyl)glycine	CPD0-1380
an amino acid	<i>N</i>-carbamoyl-D-phenylglycine	phenylureidoacetic acid // phenylureidoacetate	CPD-8524
an amino acid	<i>N</i>-carbamoyl-L-aspartate	carbamyul-L-aspartate // carbamyul-aspartate // carbamoyl-aspartate // carbamyl-aspartate // carbamyl-L-aspartate // L-ureidosuccinate	CARBAMYUL-L-ASPARTATE
an amino acid	<i>N</i>-formyl-L-methionine	N-formyl-methionine // formylmethionine	N-FORMYLMETHIONINE
an amino acid	<i>N</i>-methyl-L-alanine	N-methylalanine	CPD-298
an amino acid	<i>N</i>-methyl-L-glutamate	N-methyl-L-glutamic acid // NMG	CPD-404
an amino acid	<I>N</I>-methyl-L-tryptophan	L-Abrine // Abrine	N-METHYLTRYPTOPHAN
an amino acid	<i>N</i>-propargylglycine	(S)-2-(prop-2-ynylamino)acetate // (2S)-2-(ethynylamino)propanoate	CPD-19547
an amino acid	<i>N</i>3-(4-methoxyfumaroyl)-L-2,3-diaminopropanoate	N3-methoxyfumaroyl-2,3-diaminopropanoate // Nbeta-methoxyfumaroyl-DAP // Nbeta-methoxyfumaroyl-2,3-diaminopropanoate // N3-(4-methoxyfumaroyl)-L-2,3-diaminopropanoic acid // FMDP	CPD0-1236
an amino acid	<i>N</i><sup>5</sup>-methyl-L-glutamine	gamma-L-glutamyl methylamide // N5-methyl-L-glutamine // (2S)-2-amino-5-(methylamino)-5-oxopentanoate	N5-METHYLGLUTAMINE
an amino acid	N<sup>6</sup>-(D-fructosyl)-L-lysine	fructoselysine // fructosyllysine	FRUCTOSELYSINE
an amino acid	N<sup>6</sup>-(D-glucosyl)-L-lysine	glucoselysine // glucosyllysine	CPD-21707
an amino acid	<i>N</i><sup>&omega;</sup>-phospho-L-arginine	L-arginine phosphate // phospho-L-arginine // L-arginine-phosphate // L-arginine-P // arg-P // phosphoarginine // arginine-phosphate // N-phospho-L-arginine // arginine-P	L-ARGININE-P
an amino acid	<i>N</i><sup>&omega;</sup>-phosphocreatine	creatine-phosphate // neo-ton // phosphorylcreatine // phosphocreatine // P-creatine // creatine-P	CREATINE-P
an amino acid	<i>O</i>-acetyl-L-homoserine	acetylhomoserine // O-acetylhomoserine	CPD-667
an amino acid	<i>O</i>-acetyl-L-serine	O3-acetyl-L-serine // acetylserine // O-acetylserine // (2S)-3-acetyloxy-2-aminopropanoate	ACETYLSERINE
an amino acid	O-methylserine	3-methoxyalanine // serine, o-methyl- // O-methyl-DL-serine	CPD0-1507
an amino acid	O-phospho-D-serine		CPD-3722
an amino acid	O-phospho-D-tyrosine		CPD-3729
an amino acid	O-phospho-L-homoserine	o-phosphohomoserine	O-PHOSPHO-L-HOMOSERINE
an amino acid	<i>O</i>-phospho-L-serine	L-serine phosphate // phosphoryl-L-serine // L-seryl phosphate // L-serine-3P // L-serine 3-phosphate // 3-phospho-L-serine	3-P-SERINE
an amino acid	O-phospho-L-tyrosine	Phosphotyrosine // L-Tyrosine, dihydrogen phosphate (ester) // O(4)-phosphonato-L-tyrosine(2-) // (2S)-2-ammonio-3-[4-(phosphonatooxy)phenyl]propanoate	CPD-3728
an amino acid	O-succinyl-L-homoserine	O-succinyl-homoserine // succinyl-homoserine	O-SUCCINYL-L-HOMOSERINE
an amino acid	<i>S</i>-(2-aminoethyl)-L-cysteine	4-thialysine // S-L-aminoethyl cysteine // gamma-thialysine // thialysine // aminoethylcysteine // 2-aminoethylcysteine // thiosine	S-2-AMINOETHYL-L-CYSTEINE
an amino acid	<i>S</i>-adenosyl-L-homocysteine	S-adenosyl-L-homocysteine // SAH // S-adenosylhomocysteine // 2-S-adenosyl-L-homocysteine // AdoHcy // 2-S-adenosyl-L-homocysteine // S-adenosyl-homocysteine // S-adenosylhomocysteine // adenosyl-homo-cys // adenosylhomocysteine // adenosylhomo-cys	ADENOSYL-HOMO-CYS
an amino acid	<i>S</i>-adenosyl-L-methionine	(S)-S-adenosyl-L-methionine // AdoMet // SAM // 2-S-adenosyl-L-methionine // S-adenosyl-methionine // adenosylmethionine // S-adenosylmethionine	S-ADENOSYLMETHIONINE
an amino acid	<i>S</i>-adenosyl-<i>S</i>-carboxymethyl-L-homocysteine	Cx-SAM // carboxy-S-adenosyl-L-methionine	CPD-15403
an amino acid	<i>S</i>-benzyl-D-cysteine		CPD0-1565
an amino acid	S-carboxymethyl-D-cysteine		S-CARBOXYMETHYL-D-CYSTEINE
an amino acid	<i>S</i>-ethyl-L-cysteine	S-ethylcysteine // 3-(ethylthio)alanine	CPD-9300
an amino acid	S-formycinylhomocysteine		S-FORMYCINYLHOMOCYSTEINE
an amino acid	<i>S</i>-methyl-D-cysteine		CPD0-1570
an amino acid	<i>S</i>-methyl-L-cysteine		S-METHYL-L-CYSTEINE
an amino acid	<i>S</i>-methyl-L-methionine	S-methylmethionine	CPD-397
an amino acid	S-phenyl-D-cysteine		CPD0-1566
an amino acid	S-propyl-D-cysteine		CPD0-1568
an amino acid	<i>S</i>-ribosyl-L-homocysteine	Ribose-5-S-homocysteine // S-D-ribosyl-L-homocysteine // ribose-5-S-homocysteine // S-ribosylhomocysteine // S-(5-deoxy-D-ribos-5-yl)-L-homocysteine	CPD-564
an amino acid	<i>S</i>-sulfo-L-cysteine	S-sulfocysteine	SULFO-CYSTEINE
an amino acid	S-tubercidinylhomocysteine	(S)-7-(5-S-(3-amino-3-carboxypropyl)-5-thio-beta-D-ribofuranosyl)-7H-pyrrolo(2,3-d)pyrimidin-4-amine	S-TUBERCIDINYLHOMOCYSTEINE
an amino acid	sarcosine	N-methylglycine	SARCOSINE
an amino acid	seleno-L-homocysteine	2-amino-4-selanyl-butanoate	SELENOHOMOCYSTEINE
an amino acid	serinamide		CPD0-1377
an amino acid	serine hydroxamate		CPD0-1378
an amino acid	serine methyl ester		CPD0-1379
an amino acid	<i>sn</i>-butyl-D-cysteine		CPD0-1567
an amino acid	<i>trans</i>-4-hydroxy-L-proline	trans-4-hydroxy-L-proline // trans-4-hydroxyproline // trans-oxyproline // trans-L-4-hydroxyproline // trans-hydroxy-L-proline // trans-L-4-hydroxy-proline // (2S,4R)-4-hydroxypyrrolidinium-2-carboxylate // (2S,4R)-4-hydroxyproline	4-HYDROXY-L-PROLINE
an amino acid	trifluoroalanine		CPD0-1636
