(Proteins Complexes)	Object ID	GO terms (molecular function)	Reactions catalyzed by enzyme	Object ID
TRANS-CPLX-203	TRANS-CPLX-203		TRANS-RXN0-235	TRANS-RXN0-235
KDGT-MONOMER	KDGT-MONOMER	GO:0005351 // GO:0015293 // GO:0015649	TRANS-RXN-113	TRANS-RXN-113
B1791-MONOMER	B1791-MONOMER	GO:0022857	TRANS-RXN0-596 // TRANS-RXN-273	TRANS-RXN0-596 // TRANS-RXN-273
HRSA-MONOMER	HRSA-MONOMER	GO:0022877 // GO:0016740 // GO:0016301 // GO:0008982 // GO:0005515 // GO:0005351 // GO:0090563 // GO:0090581	RXN0-2522	RXN0-2522
MHPT-MONOMER	MHPT-MONOMER	GO:0022857 // GO:0015293 // GO:0015540	TRANS-RXN0-457 // TRANS-RXN-61	TRANS-RXN0-457 // TRANS-RXN-61
GABP-MONOMER	GABP-MONOMER	GO:0015291 // GO:0015185	TRANS-RXN-57 // TRANS-RXN-384	TRANS-RXN-57 // TRANS-RXN-384
ABC-57-CPLX	ABC-57-CPLX		TRANS-RXN-366	TRANS-RXN-366
TRANS-200-CPLX	TRANS-200-CPLX		TRANS-RXN0-224 // TRANS-RXN-377 // TRANS-RXN-378	TRANS-RXN0-224 // TRANS-RXN-377 // TRANS-RXN-378
CPLX0-7955	CPLX0-7955		RXN0-1981 // RXN0-5111 // TRANS-RXN0-576	RXN0-1981 // RXN0-5111 // TRANS-RXN0-576
EG11512-MONOMER	EG11512-MONOMER	GO:0015293 // GO:0015360	TRANS-RXN0-571 // TRANS-RXN-121	TRANS-RXN0-571 // TRANS-RXN-121
EG11691-MONOMER	EG11691-MONOMER	GO:0015205 // GO:0005345 // GO:0022857 // GO:0015207	TRANS-RXN0-577	TRANS-RXN0-577
EG11724-MONOMER	EG11724-MONOMER	GO:0015205 // GO:0005345 // GO:0022857 // GO:0015207 // GO:0015295	TRANS-RXN0-447	TRANS-RXN0-447
YCHM-MONOMER	YCHM-MONOMER	GO:0015116 // GO:0008271 // GO:0015183 // GO:0015141 // GO:0015138	TRANS-RXN-121 // TRANS-RXN-122A // TRANS-RXN0-553	TRANS-RXN-121 // TRANS-RXN-122A // TRANS-RXN0-553
ABC-56-CPLX	ABC-56-CPLX		ABC-56-RXN	ABC-56-RXN
KGTP-MONOMER	KGTP-MONOMER	GO:0022857 // GO:0015293 // GO:0015294	TRANS-RXN-23	TRANS-RXN-23
EG12713-MONOMER	EG12713-MONOMER	GO:0015173 // GO:0015171	TRANS-RXN0-486 // RXN0-1923 // TRANS-RXN0-417 // TRANS-RXN0-495 // TRANS-RXN0-269 // TRANS-RXN0-512 // RXN0-1924 // TRANS-RXN0-480 // TRANS-RXN0-569 // RXN66-448 // TRANS-RXN0-537 // TRANS-RXN0-507 // TRANS-RXN0-514 // TRANS-RXN-267 // TRANS-RXN0-265	TRANS-RXN0-486 // RXN0-1923 // TRANS-RXN0-417 // TRANS-RXN0-495 // TRANS-RXN0-269 // TRANS-RXN0-512 // RXN0-1924 // TRANS-RXN0-480 // TRANS-RXN0-569 // RXN66-448 // TRANS-RXN0-537 // TRANS-RXN0-507 // TRANS-RXN0-514 // TRANS-RXN-267 // TRANS-RXN0-265
CPLX0-7532	CPLX0-7532		RXN-9615	RXN-9615
DCUB-MONOMER	DCUB-MONOMER	GO:0005515 // GO:0005469 // GO:0015556	TRANS-RXN-106 // TRANS-RXN-106B // TRANS-RXN-106A // TRANS-RXN-299 // TRANS-RXN0-499	TRANS-RXN-106 // TRANS-RXN-106B // TRANS-RXN-106A // TRANS-RXN-299 // TRANS-RXN0-499
DCUC-MONOMER	DCUC-MONOMER	GO:0015556 // GO:0005469	TRANS-RXN-300 // TRANS-RXN-106 // TRANS-RXN-299	TRANS-RXN-300 // TRANS-RXN-106 // TRANS-RXN-299
ABC-2-CPLX	ABC-2-CPLX	GO:0015147	ABC-2-RXN	ABC-2-RXN
ARAE-MONOMER	ARAE-MONOMER	GO:0022857 // GO:0015147 // GO:0015150 // GO:0015293	TRANS-RXN-10	TRANS-RXN-10
CPLX0-7535	CPLX0-7535		RXN0-2162	RXN0-2162
AROP-MONOMER	AROP-MONOMER	GO:0015192 // GO:0015196 // GO:0005302	TRANS-RXN-76 // TRANS-RXN-77 // TRANS-RXN-56	TRANS-RXN-76 // TRANS-RXN-77 // TRANS-RXN-56
CPLX0-4	CPLX0-4		TRANS-RXN0-233	TRANS-RXN0-233
CPLX-7	CPLX-7		RXN3O-9786 // RXN-22385	RXN3O-9786 // RXN-22385
ATPSYN-CPLX	ATPSYN-CPLX		ATPSYN-RXN // RXN0-7041	ATPSYN-RXN // RXN0-7041
CPLX0-7704	CPLX0-7704		TRANS-RXN-236	TRANS-RXN-236
G6859-MONOMER	G6859-MONOMER	GO:0015562	TRANS-RXN0-453	TRANS-RXN0-453
ABC-58-CPLX	ABC-58-CPLX		TRANS-RXN0-454	TRANS-RXN0-454
CPLX-153	CPLX-153		TRANS-RXN-155 // TRANS-RXN-153A // TRANS-RXN-153	TRANS-RXN-155 // TRANS-RXN-153A // TRANS-RXN-153
CPLX-154	CPLX-154		TRANS-RXN0-518 // TRANS-RXN-153 // TRANS-RXN-153A // TRANS-RXN-157	TRANS-RXN0-518 // TRANS-RXN-153 // TRANS-RXN-153A // TRANS-RXN-157
EG11471-MONOMER	EG11471-MONOMER	GO:0015225	TRANS-RXN0-240	TRANS-RXN0-240
ABC-15-CPLX	ABC-15-CPLX		ABC-35-RXN // ABC-36-RXN // ABC-15-RXN // TRANS-RXN-312	ABC-35-RXN // ABC-36-RXN // ABC-15-RXN // TRANS-RXN-312
BRNQ-MONOMER	BRNQ-MONOMER	GO:0005515 // GO:0015658 // GO:0015190 // GO:0015188 // GO:0005304	TRANS-RXN-126B // TRANS-RXN-126A // TRANS-RXN-126	TRANS-RXN-126B // TRANS-RXN-126A // TRANS-RXN-126
DCTA-MONOMER	DCTA-MONOMER	GO:0022857 // GO:0015293 // GO:0005515 // GO:0015366 // GO:0015141 // GO:0015138 // GO:0015183	TRANS-RXN-300 // TRANS-RXN-299 // TRANS-RXN0-517 // TRANS-RXN0-451 // TRANS-RXN-122A // TRANS-RXN-121C // TRANS-RXN0-553 // TRANS-RXN-121A // TRANS-RXN-121	TRANS-RXN-300 // TRANS-RXN-299 // TRANS-RXN0-517 // TRANS-RXN0-451 // TRANS-RXN-122A // TRANS-RXN-121C // TRANS-RXN0-553 // TRANS-RXN-121A // TRANS-RXN-121
DCUA-MONOMER	DCUA-MONOMER	GO:0005469 // GO:0015556	TRANS-RXN-379 // TRANS-RXN-106 // TRANS-RXN-106B // TRANS-RXN-106A // TRANS-RXN-299	TRANS-RXN-379 // TRANS-RXN-106 // TRANS-RXN-106B // TRANS-RXN-106A // TRANS-RXN-299
ABC-35-CPLX	ABC-35-CPLX		RXN-21407	RXN-21407
G6370-MONOMER	G6370-MONOMER	GO:0015288 // GO:0015267	TRANS-RXN-481	TRANS-RXN-481
CPLX0-7961	CPLX0-7961		RXN0-2501	RXN0-2501
BETT-MONOMER	BETT-MONOMER	GO:0022857 // GO:0015220	TRANS-RXN-99	TRANS-RXN-99
B0612-MONOMER	B0612-MONOMER	GO:0022857 // GO:0015297	TRANS-RXN0-201	TRANS-RXN0-201
CPLX0-1924	CPLX0-1924		RXN0-1565 // TRANS-RXN0-283	RXN0-1565 // TRANS-RXN0-283
G7097-MONOMER	G7097-MONOMER		RXN-22217	RXN-22217
CPLX0-1721	CPLX0-1721		TRANS-RXN0-280 // TRANS-RXN-90	TRANS-RXN0-280 // TRANS-RXN-90
B0260-MONOMER	B0260-MONOMER	GO:0015171 // GO:0000100	TRANS-RXN0-486	TRANS-RXN0-486
ABC-23-CPLX	ABC-23-CPLX		ABC-23-RXN // TRANS-RXN-238	ABC-23-RXN // TRANS-RXN-238
G6260-MONOMER	G6260-MONOMER	GO:0140581 // GO:0043682 // GO:0019829 // GO:0046872 // GO:0005524 // GO:0000166 // GO:0015080 // GO:0015662	RXN-14455	RXN-14455
CPLX-3945	CPLX-3945		RXN-5068	RXN-5068
CYNX-MONOMER	CYNX-MONOMER	GO:0022857	TRANS-RXN-14	TRANS-RXN-14
EG11639-MONOMER	EG11639-MONOMER	GO:0015562	RXN0-1924 // RXN0-1923	RXN0-1924 // RXN0-1923
EG12445-MONOMER	EG12445-MONOMER	GO:0015171 // GO:0015562	RXN0-1924 // RXN0-1923	RXN0-1924 // RXN0-1923
CPLX0-8152	CPLX0-8152		TRANS-RXN0-593 // TRANS-RXN-291 // TRANS-RXN0-508 // TRANS-RXN0-513 // TRANS-RXN-290 // TRANS-RXN0-617	TRANS-RXN0-593 // TRANS-RXN-291 // TRANS-RXN0-508 // TRANS-RXN0-513 // TRANS-RXN-290 // TRANS-RXN0-617
EG11902-MONOMER	EG11902-MONOMER	GO:0000099 // GO:0022857	TRANS-RXN0-507 // TRANS-RXN0-514 // TRANS-RXN-267	TRANS-RXN0-507 // TRANS-RXN0-514 // TRANS-RXN-267
G6934-MONOMER	G6934-MONOMER	GO:0022857 // GO:0015293 // GO:0000099 // GO:0005416 // GO:0015184	TRANS-RXN-285 // TRANS-RXN-330 // TRANS-RXN0-616 // TRANS-RXN-286	TRANS-RXN-285 // TRANS-RXN-330 // TRANS-RXN0-616 // TRANS-RXN-286
CYT-D-UBIOX-CPLX	CYT-D-UBIOX-CPLX		RXN0-5266 // RXN-19778 // RXN-19777	RXN0-5266 // RXN-19778 // RXN-19777
APP-UBIOX-CPLX	APP-UBIOX-CPLX		RXN0-5266	RXN0-5266
CYT-O-UBIOX-CPLX	CYT-O-UBIOX-CPLX	GO:0005507 // GO:0020037 // GO:0015078 // GO:0009055 // GO:0009486 // GO:0015453	RXN-21817	RXN-21817
CODB-MONOMER	CODB-MONOMER	GO:0022857 // GO:0015209 // GO:0015295	TRANS-RXN-116	TRANS-RXN-116
ABC-42-CPLX	ABC-42-CPLX	GO:0015593	ABC-42-RXN	ABC-42-RXN
YIDT-MONOMER	YIDT-MONOMER	GO:0022857 // GO:0015295 // GO:0042881	TRANS-RXN-16	TRANS-RXN-16
ABC-18-CPLX	ABC-18-CPLX	GO:0005354 // GO:0015592	ABC-18-RXN // TRANS-RXN0-541	ABC-18-RXN // TRANS-RXN0-541
DSDX-MONOMER	DSDX-MONOMER	GO:0015128 // GO:0042945	TRANS-RXN0-495	TRANS-RXN0-495
CYCA-MONOMER	CYCA-MONOMER	GO:0042945 // GO:0042944 // GO:0015180 // GO:0001761 // GO:0015187	TRANS-RXN-62A // RXN0-5130 // TRANS-RXN-62B // RXN0-5202 // RXN0-5201 // RXN0-5203	TRANS-RXN-62A // RXN0-5130 // TRANS-RXN-62B // RXN0-5202 // RXN0-5201 // RXN0-5203
XYLE-MONOMER	XYLE-MONOMER	GO:0022857 // GO:0015293 // GO:0015519	TRANS-RXN-30	TRANS-RXN-30
ABC-8-CPLX	ABC-8-CPLX	GO:0042626	ABC-8-RXN	ABC-8-RXN
B1634-MONOMER	B1634-MONOMER	GO:1904680 // GO:0022857 // GO:0015078 // GO:0071916 // GO:0015333 // GO:0042937	TRANS-RXN0-288 // TRANS-RXN0-267	TRANS-RXN0-288 // TRANS-RXN0-267
YHIP-MONOMER	YHIP-MONOMER	GO:1904680 // GO:0022857 // GO:0015078 // GO:0071916 // GO:0015333 // GO:0042937	TRANS-RXN0-267 // TRANS-RXN0-288	TRANS-RXN0-267 // TRANS-RXN0-288
YJDL-MONOMER	YJDL-MONOMER	GO:1904680 // GO:0022857 // GO:0015293 // GO:0071916 // GO:0015078 // GO:0042937 // GO:0015333	TRANS-RXN0-267 // TRANS-RXN0-288	TRANS-RXN0-267 // TRANS-RXN0-288
B0709-MONOMER	B0709-MONOMER	GO:1904680 // GO:0042937 // GO:0022857 // GO:0015333 // GO:0071916	TRANS-RXN0-288	TRANS-RXN0-288
YCEE-MONOMER	YCEE-MONOMER	GO:0022857 // GO:0015299	TRANS-RXN-342 // TRANS-RXN0-589	TRANS-RXN-342 // TRANS-RXN0-589
YIDY-MONOMER	YIDY-MONOMER	GO:0042910 // GO:0022857 // GO:0015299	TRANS-RXN-341	TRANS-RXN-341
YBDA-MONOMER	YBDA-MONOMER	GO:0022857 // GO:0042931	TRANS-RXN0-496	TRANS-RXN0-496
CPLX0-8271	CPLX0-8271		TRANS-RXN0-498	TRANS-RXN0-498
FEOB-MONOMER	FEOB-MONOMER	GO:0042802 // GO:0000166 // GO:0015093 // GO:0005525	TRANS-RXN-424	TRANS-RXN-424
ABC-9-CPLX	ABC-9-CPLX		ABC-9-RXN	ABC-9-RXN
CPLX0-1943	CPLX0-1943		RXN0-1684	RXN0-1684
CPLX0-7952	CPLX0-7952		RXN0-1702	RXN0-1702
ABC-10-CPLX	ABC-10-CPLX	GO:0015620	ABC-10-RXN	ABC-10-RXN
CPLX0-1941	CPLX0-1941		RXN0-1682	RXN0-1682
CPLX0-1942	CPLX0-1942		RXN0-1701	RXN0-1701
YEEO-MONOMER	YEEO-MONOMER	GO:0042910 // GO:0015297 // GO:0071916 // GO:0044610 // GO:0015230	TRANS-RXN-272 // TRANS-RXN0-595	TRANS-RXN-272 // TRANS-RXN0-595
CPLX0-7843	CPLX0-7843		TRANS-RXN-1 // TRANS-RXN-381	TRANS-RXN-1 // TRANS-RXN-381
FOCB-MONOMER	FOCB-MONOMER	GO:0015499 // GO:0022857	TRANS-RXN-1	TRANS-RXN-1
FORMATEDEHYDROGN-CPLX	FORMATEDEHYDROGN-CPLX	GO:0036397 // GO:0009055	FORMATEDEHYDROG-RXN	FORMATEDEHYDROG-RXN
FORMATEDEHYDROGO-CPLX	FORMATEDEHYDROGO-CPLX	GO:0043546 // GO:0036397 // GO:0008430	FORMATEDEHYDROG-RXN	FORMATEDEHYDROG-RXN
FSR-MONOMER	FSR-MONOMER	GO:0022857	TRANS-RXN-41	TRANS-RXN-41
CPLX-158	CPLX-158	GO:0090582	TRANS-RXN0-582 // TRANS-RXN0-618 // TRANS-RXN-158	TRANS-RXN0-582 // TRANS-RXN0-618 // TRANS-RXN-158
YHFM-MONOMER	YHFM-MONOMER	GO:0022857 // GO:0015179	TRANS-RXN0-418 // TRANS-RXN0-417	TRANS-RXN0-418 // TRANS-RXN0-417
GNTP-MONOMER	GNTP-MONOMER	GO:0005351 // GO:0015128	TRANS-RXN-81 // TRANS-RXN0-209	TRANS-RXN-81 // TRANS-RXN0-209
YHAU-MONOMER	YHAU-MONOMER	GO:0022857 // GO:0015296	TRANS-RXN0-204 // TRANS-RXN0-203 // TRANS-RXN0-523	TRANS-RXN0-204 // TRANS-RXN0-203 // TRANS-RXN0-523
B2789-MONOMER	B2789-MONOMER	GO:0022857 // GO:0015296	TRANS-RXN0-204 // TRANS-RXN0-203 // TRANS-RXN0-523	TRANS-RXN0-204 // TRANS-RXN0-203 // TRANS-RXN0-523
CPLX0-231	CPLX0-231	GO:0090584 // GO:0090583	TRANS-RXN-161 // TRANS-RXN-169	TRANS-RXN-161 // TRANS-RXN-169
ABC-46-CPLX	ABC-46-CPLX	GO:0015399	TRANS-RXN0-492 // TRANS-RXN0-491	TRANS-RXN0-492 // TRANS-RXN0-491
YJIZ-MONOMER	YJIZ-MONOMER	GO:0022857	TRANS-RXN0-227	TRANS-RXN0-227
GALP-MONOMER	GALP-MONOMER	GO:0022857 // GO:0015293 // GO:0015517	TRANS-RXN-21 // RXN0-7077	TRANS-RXN-21 // RXN0-7077
CPLX-157	CPLX-157	GO:0090564 // GO:0022855	TRANS-RXN-157 // TRANS-RXN0-583	TRANS-RXN-157 // TRANS-RXN0-583
UIDB-MONOMER	UIDB-MONOMER	GO:0022857 // GO:0015293	TRANS-RXN-98	TRANS-RXN-98
ABC-13-CPLX	ABC-13-CPLX		TRANS-RXN0-222 // ABC-13-RXN	TRANS-RXN0-222 // ABC-13-RXN
GLTP-MONOMER	GLTP-MONOMER	GO:0022857 // GO:0005280 // GO:0015293	TRANS-RXN-122A // TRANS-RXN-162	TRANS-RXN-122A // TRANS-RXN-162
GLTS-MONOMER	GLTS-MONOMER	GO:0015501 // GO:0015293	TRANS-RXN-122	TRANS-RXN-122
ABC-6-CPLX	ABC-6-CPLX	GO:0016887 // GO:0020037 // GO:0034634 // GO:0033230	RXN0-21 // RXN0-3	RXN0-21 // RXN0-3
ABC-49-CPLX	ABC-49-CPLX	GO:0042626 // GO:0034634	RXN0-11	RXN0-11
CPLX0-7654	CPLX0-7654		TRANS-RXN-131 // RXN0-7189 // TRANS-RXN0-536 // TRANS-RXN0-537 // TRANS-RXN0-460 // TRANS-RXN0-551 // RXN0-7191	TRANS-RXN-131 // RXN0-7189 // TRANS-RXN0-536 // TRANS-RXN0-537 // TRANS-RXN0-460 // TRANS-RXN0-551 // RXN0-7191
ABC-26-CPLX	ABC-26-CPLX	GO:0031459	TRANS-RXN-283 // TRANS-RXN-324 // RXN-8638 // ABC-26-RXN	TRANS-RXN-283 // TRANS-RXN-324 // RXN-8638 // ABC-26-RXN
ABC-40-CPLX	ABC-40-CPLX	GO:0031459	TRANS-RXN-283	TRANS-RXN-283
B2975-MONOMER	B2975-MONOMER	GO:0015295 // GO:0043879 // GO:0015129	TRANS-RXN-105 // TRANS-RXN-104 // TRANS-RXN0-515 // TRANS-RXN0-622	TRANS-RXN-105 // TRANS-RXN-104 // TRANS-RXN0-515 // TRANS-RXN0-622
CPLX0-8263	CPLX0-8263		TRANS-RXN-369 // TRANS-RXN-368	TRANS-RXN-369 // TRANS-RXN-368
EG11939-MONOMER	EG11939-MONOMER	GO:0022857 // GO:0015208 // GO:0005345	TRANS-RXN0-562 // TRANS-RXN0-578	TRANS-RXN0-562 // TRANS-RXN0-578
G7504-MONOMER	G7504-MONOMER	GO:0022857 // GO:0005345 // GO:0015208	TRANS-RXN0-562 // TRANS-RXN0-578	TRANS-RXN0-562 // TRANS-RXN0-578
EG11167-MONOMER	EG11167-MONOMER	GO:0005385 // GO:0046873 // GO:0015086 // GO:0015093 // GO:0005375 // GO:0015087 // GO:0005384	RXN0-16 // RXN0-14 // RXN0-12 // RXN0-10 // TRANS-RXN-8 // TRANS-RXN-141A	RXN0-16 // RXN0-14 // RXN0-12 // RXN0-10 // TRANS-RXN-8 // TRANS-RXN-141A
UHPT-MONOMER	UHPT-MONOMER	GO:0022857 // GO:0015526	TRANS-RXN-33 // TRANS-RXN0-502 // TRANS-RXN0-501 // TRANS-RXN0-534	TRANS-RXN-33 // TRANS-RXN0-502 // TRANS-RXN0-501 // TRANS-RXN0-534
EXUT-MONOMER	EXUT-MONOMER	GO:0022857 // GO:0015134	TRANS-RXN-123 // TRANS-RXN-35	TRANS-RXN-123 // TRANS-RXN-35
GNTT-MONOMER	GNTT-MONOMER	GO:0015128	TRANS-RXN0-209	TRANS-RXN0-209
ABC-14-CPLX	ABC-14-CPLX	GO:0005291	ABC-14-RXN	ABC-14-RXN
CPLX0-8167	CPLX0-8167	GO:0020037 // GO:0033748 // GO:0009055 // GO:0051536 // GO:0016151	RXN0-5256 // RXN-16420	RXN0-5256 // RXN-16420
FORMHYDROG2-CPLX	FORMHYDROG2-CPLX	GO:0033748 // GO:0009055 // GO:0016151 // GO:0005506 // GO:0047067	RXN0-5256	RXN0-5256
ABC-11-CPLX	ABC-11-CPLX	GO:0015344	ABC-11-RXN // TRANS-RXN-297 // TRANS-RXN-298	ABC-11-RXN // TRANS-RXN-297 // TRANS-RXN-298
CPLX0-8541	CPLX0-8541		RXN0-1721	RXN0-1721
KEFB-MONOMER	KEFB-MONOMER	GO:0015503 // GO:0015299 // GO:0008324 // GO:0015297	TRANS-RXN-42	TRANS-RXN-42
CPLX0-7819	CPLX0-7819		TRANS-RXN-42	TRANS-RXN-42
TRKH-MONOMER	TRKH-MONOMER	GO:0015379 // GO:0046872 // GO:0008324 // GO:0030955 // GO:0005267 // GO:0015079	TRANS-RXN-3	TRANS-RXN-3
ATPASE-1-CPLX	ATPASE-1-CPLX		TRANS-RXN-2	TRANS-RXN-2
KUP-MONOMER	KUP-MONOMER	GO:0015293 // GO:0015387 // GO:0015079	TRANS-RXN-3	TRANS-RXN-3
G7399-MONOMER	G7399-MONOMER	GO:0015299 // GO:0034639	TRANS-RXN0-469	TRANS-RXN0-469
YDEA-MONOMER	YDEA-MONOMER	GO:0022857 // GO:0015144	TRANS-RXN-40	TRANS-RXN-40
ABC-4-CPLX	ABC-4-CPLX		ABC-4-RXN	ABC-4-RXN
YGGA-MONOMER	YGGA-MONOMER	GO:0015171 // GO:0015181	RXN66-448 // TRANS-RXN-325	RXN66-448 // TRANS-RXN-325
EIISGA	EIISGA	GO:0090563	RXN0-2461	RXN0-2461
ANSP-MONOMER	ANSP-MONOMER		TRANS-RXN-262	TRANS-RXN-262
CPLX0-7906	CPLX0-7906		TRANS-RXN-100	TRANS-RXN-100
FUCP-MONOMER	FUCP-MONOMER	GO:0022857 // GO:0015293 // GO:0015150 // GO:0015518 // GO:0015517 // GO:0015535 // GO:0009679	TRANS-RXN-20 // RXN0-7221 // RXN0-7222	TRANS-RXN-20 // RXN0-7221 // RXN0-7222
XASA-MONOMER	XASA-MONOMER	GO:0022857 // GO:0015297	TRANS-RXN-261	TRANS-RXN-261
ABC-12-CPLX	ABC-12-CPLX	GO:0015186	ABC-12-RXN	ABC-12-RXN
RHTB-MONOMER	RHTB-MONOMER	GO:0015171 // GO:0015291 // GO:0015565 // GO:0042970	TRANS-RXN-242 // TRANS-RXN-242A // TRANS-RXN0-0244	TRANS-RXN-242 // TRANS-RXN-242A // TRANS-RXN0-0244
YJGT-MONOMER	YJGT-MONOMER	GO:0015568 // GO:0015128	TRANS-RXN0-228 // TRANS-RXN0-209 // TRANS-RXN-181A	TRANS-RXN0-228 // TRANS-RXN0-209 // TRANS-RXN-181A
G6458-MONOMER	G6458-MONOMER	GO:0015661	TRANS-RXN0-569	TRANS-RXN0-569
B4141-MONOMER	B4141-MONOMER	GO:0022857 // GO:0000102 // GO:0005294 // GO:0015179	RXN0-7050 // TRANS-RXN-282 // TRANS-RXN-281 // TRANS-RXN0-270	RXN0-7050 // TRANS-RXN-282 // TRANS-RXN-281 // TRANS-RXN0-270
METNIQ-METHIONINE-ABC-CPLX	METNIQ-METHIONINE-ABC-CPLX	GO:0033232 // GO:0015191	RXN0-4522 // TRANS-RXN0-202 // RXN0-7185 // RXN0-7186 // TRANS-RXN0-511 // TRANS-RXN0-510 // TRANS-RXN-383	RXN0-4522 // TRANS-RXN0-202 // RXN0-7185 // RXN0-7186 // TRANS-RXN0-511 // TRANS-RXN0-510 // TRANS-RXN-383
SDAC-MONOMER	SDAC-MONOMER	GO:0015171 // GO:0015194	TRANS-RXN-71	TRANS-RXN-71
YGJE-MONOMER	YGJE-MONOMER	GO:0022857 // GO:0015297	TRANS-RXN-127	TRANS-RXN-127
RHTC-MONOMER	RHTC-MONOMER	GO:0015171 // GO:0015291 // GO:0015565	TRANS-RXN0-0244	TRANS-RXN0-0244
EG12134-MONOMER	EG12134-MONOMER	GO:0042970 // GO:0015291 // GO:0015565	TRANS-RXN-242 // TRANS-RXN0-0244	TRANS-RXN-242 // TRANS-RXN0-0244
CPLX0-7684	CPLX0-7684		TRANS-RXN0-269	TRANS-RXN0-269
LCTP-MONOMER	LCTP-MONOMER	GO:0015295 // GO:0043879 // GO:0015129	TRANS-RXN-104 // TRANS-RXN0-515 // TRANS-RXN-105 // TRANS-RXN0-622	TRANS-RXN-104 // TRANS-RXN0-515 // TRANS-RXN-105 // TRANS-RXN0-622
LACY-MONOMER	LACY-MONOMER	GO:0022857 // GO:0015293 // GO:0030395 // GO:0005351 // GO:0005515 // GO:0015528	TRANS-RXN-24 // TRANS-RXN-94 // RXN0-7215 // RXN0-7217 // RXN-17755	TRANS-RXN-24 // TRANS-RXN-94 // RXN0-7215 // RXN0-7217 // RXN-17755
CPLX0-7627	CPLX0-7627		TRANS-RXN-86	TRANS-RXN-86
ABC-304-CPLX	ABC-304-CPLX		ABC-35-RXN // TRANS-RXN-312	ABC-35-RXN // TRANS-RXN-312
G6984-MONOMER	G6984-MONOMER	GO:0015171 // GO:0015190	TRANS-RXN0-270 // RXN0-7050	TRANS-RXN0-270 // RXN0-7050
G6561-MONOMER	G6561-MONOMER	GO:1901612 // GO:0015648	TRANS-RXN0-286	TRANS-RXN0-286
EG11486-MONOMER	EG11486-MONOMER	GO:0140303	TRANS-RXN0-279	TRANS-RXN0-279
CPLX0-7992	CPLX0-7992		TRANS-RXN-237	TRANS-RXN-237
ABC-62-CPLX	ABC-62-CPLX		RXN-22427	RXN-22427
EG10280-MONOMER	EG10280-MONOMER	GO:0022834 // GO:0015483	RXN0-1802	RXN0-1802
ACYLCOASYN-CPLX	ACYLCOASYN-CPLX		RXN-9644 // PROPIONATE--COA-LIGASE-RXN // ACYLCOASYN-RXN // TRANS-RXN0-623 // RXN0-7238 // RXN0-7239 // RXN0-7248	RXN-9644 // PROPIONATE--COA-LIGASE-RXN // ACYLCOASYN-RXN // TRANS-RXN0-623 // RXN0-7238 // RXN0-7239 // RXN0-7248
GNTU-MONOMER	GNTU-MONOMER	GO:0005402 // GO:0015128	TRANS-RXN0-209	TRANS-RXN0-209
ABC-3-CPLX	ABC-3-CPLX		ABC-37-RXN // ABC-4-RXN // ABC-3-RXN	ABC-37-RXN // ABC-4-RXN // ABC-3-RXN
CADB-MONOMER	CADB-MONOMER	GO:0022857 // GO:0015297 // GO:0015295 // GO:0043872	TRANS-RXN-68 // TRANS-RXN0-212	TRANS-RXN-68 // TRANS-RXN0-212
LYSP-MONOMER	LYSP-MONOMER	GO:0015171 // GO:0005515 // GO:0008134 // GO:0015189 // GO:0042802	TRANS-RXN-58	TRANS-RXN-58
EG12455-MONOMER	EG12455-MONOMER	GO:0022857 // GO:0051978 // GO:0005319	TRANS-RXN-294 // TRANS-RXN-295 // TRANS-RXN-387	TRANS-RXN-294 // TRANS-RXN-295 // TRANS-RXN-387
ABC-16-CPLX	ABC-16-CPLX	GO:0140297 // GO:0015423	ABC-16-RXN // TRANS-RXN0-504 // TRANS-RXN0-503	ABC-16-RXN // TRANS-RXN0-504 // TRANS-RXN0-503
CPLX0-7655	CPLX0-7655		RXN0-1741 // RXN0-1804	RXN0-1741 // RXN0-1804
CPLX-166	CPLX-166		TRANS-RXN-156 // TRANS-RXN-169	TRANS-RXN-156 // TRANS-RXN-169
CPLX-156	CPLX-156		TRANS-RXN-156	TRANS-RXN-156
CPLX-165	CPLX-165	GO:0090591 // GO:0090590 // GO:0022855 // GO:0022880 // GO:0022877 // GO:0022870	TRANS-RXN-165 // TRANS-RXN0-540 // TRANS-RXN0-446 // TRANS-RXN-167A // TRANS-RXN-157 // TRANS-RXN-167 // TRANS-RXN-158A	TRANS-RXN-165 // TRANS-RXN0-540 // TRANS-RXN0-446 // TRANS-RXN-167A // TRANS-RXN-157 // TRANS-RXN-167 // TRANS-RXN-158A
MELB-MONOMER	MELB-MONOMER	GO:0022857 // GO:0015293 // GO:0005515 // GO:0015592 // GO:0043887 // GO:0015486 // GO:0015487	TRANS-RXN-94 // RXN-17755 // TRANS-RXN-94B // TRANS-RXN-94A // TRANS-RXN0-520 // TRANS-RXN0-519	TRANS-RXN-94 // RXN-17755 // TRANS-RXN-94B // TRANS-RXN-94A // TRANS-RXN0-520 // TRANS-RXN0-519
PITA-MONOMER	PITA-MONOMER	GO:0005515 // GO:0015654 // GO:1901683 // GO:0015295 // GO:0005385 // GO:0005315	TRANS-RXN-114 // TRANS-RXN-279 // TRANS-RXN-278 // TRANS-RXN-277 // TRANS-RXN0-550 // TRANS-RXN-280	TRANS-RXN-114 // TRANS-RXN-279 // TRANS-RXN-278 // TRANS-RXN-277 // TRANS-RXN0-550 // TRANS-RXN-280
PITB-MONOMER	PITB-MONOMER	GO:0005315	TRANS-RXN-114 // TRANS-RXN0-550 // TRANS-RXN-278 // TRANS-RXN-277	TRANS-RXN-114 // TRANS-RXN0-550 // TRANS-RXN-278 // TRANS-RXN-277
MGTA-MONOMER	MGTA-MONOMER	GO:0019829 // GO:0046872 // GO:0000166 // GO:0015662 // GO:0005515 // GO:0005524 // GO:0015444	TRANS-RXN-250	TRANS-RXN-250
G6999-MONOMER	G6999-MONOMER	GO:0005384	TRANS-RXN0-487	TRANS-RXN0-487
YFEP-MONOMER	YFEP-MONOMER	GO:0046872 // GO:0046873 // GO:0005515 // GO:0015086 // GO:0015078 // GO:0005384 // GO:0015293 // GO:0015292	RXN0-2421 // TRANS-RXN-241	RXN0-2421 // TRANS-RXN-241
ABC-19-CPLX	ABC-19-CPLX		ABC-19-RXN	ABC-19-RXN
YJIO-MONOMER	YJIO-MONOMER	GO:0042910 // GO:0022857 // GO:0015299 // GO:0015125 // GO:0015385 // GO:0015386	TRANS-RXN-44 // TRANS-RXN-129 // TRANS-RXN-336 // TRANS-RXN0-589 // TRANS-RXN0-588	TRANS-RXN-44 // TRANS-RXN-129 // TRANS-RXN-336 // TRANS-RXN0-589 // TRANS-RXN0-588
TRANS-CPLX-201	TRANS-CPLX-201		TRANS-RXN-354 // TRANS-RXN-359 // TRANS-RXN0-592 // TRANS-RXN-356 // TRANS-RXN-355 // TRANS-RXN-357	TRANS-RXN-354 // TRANS-RXN-359 // TRANS-RXN0-592 // TRANS-RXN-356 // TRANS-RXN-355 // TRANS-RXN-357
CPLX0-3932	CPLX0-3932		TRANS-RXN-360	TRANS-RXN-360
CPLX0-2141	CPLX0-2141		TRANS-RXN-352 // TRANS-RXN-367 // TRANS-RXN-354 // TRANS-RXN-355	TRANS-RXN-352 // TRANS-RXN-367 // TRANS-RXN-354 // TRANS-RXN-355
BCR-MONOMER	BCR-MONOMER	GO:0022857 // GO:0042910 // GO:0015299 // GO:0033229 // GO:0071916	TRANS-RXN-340 // TRANS-RXN-44	TRANS-RXN-340 // TRANS-RXN-44
CPLX0-2121	CPLX0-2121		TRANS-RXN-365 // TRANS-RXN-364 // TRANS-RXN-363	TRANS-RXN-365 // TRANS-RXN-364 // TRANS-RXN-363
EMRD-MONOMER	EMRD-MONOMER	GO:0022857 // GO:0042910 // GO:0015299	TRANS-RXN-339 // TRANS-RXN-44	TRANS-RXN-339 // TRANS-RXN-44
CPLX0-7963	CPLX0-7963		TRANS-RXN-340 // TRANS-RXN0-628 // TRANS-RXN0-493 // TRANS-RXN-344 // TRANS-RXN0-533 // TRANS-RXN0-532	TRANS-RXN-340 // TRANS-RXN0-628 // TRANS-RXN0-493 // TRANS-RXN-344 // TRANS-RXN0-533 // TRANS-RXN0-532
CMR-MONOMER	CMR-MONOMER	GO:0042910 // GO:0022857 // GO:0015299 // GO:0015386 // GO:0015385	TRANS-RXN-42 // TRANS-RXN-101 // TRANS-RXN-44 // TRANS-RXN-338 // TRANS-RXN-337	TRANS-RXN-42 // TRANS-RXN-101 // TRANS-RXN-44 // TRANS-RXN-338 // TRANS-RXN-337
TRANS-CPLX-202	TRANS-CPLX-202		TRANS-RXN-353 // TRANS-RXN-352 // TRANS-RXN-92	TRANS-RXN-353 // TRANS-RXN-352 // TRANS-RXN-92
TRANS-CPLX-204	TRANS-CPLX-204		TRANS-RXN-352 // TRANS-RXN-367 // TRANS-RXN-359	TRANS-RXN-352 // TRANS-RXN-367 // TRANS-RXN-359
YDHE-MONOMER	YDHE-MONOMER	GO:0022857 // GO:0015297 // GO:0015298 // GO:0042910 // GO:0071916	RXN0-2561 // TRANS-RXN-347 // TRANS-RXN-348 // TRANS-RXN-349	RXN0-2561 // TRANS-RXN-347 // TRANS-RXN-348 // TRANS-RXN-349
YDGEF-CPLX	YDGEF-CPLX		TRANS-RXN0-266 // TRANS-RXN-350	TRANS-RXN0-266 // TRANS-RXN-350
CPLX0-3970	CPLX0-3970		TRANS-RXN0-268	TRANS-RXN0-268
AMPG-MONOMER	AMPG-MONOMER	GO:0022857 // GO:0015293 // GO:0015295	TRANS-RXN0-258 // TRANS-RXN0-226	TRANS-RXN0-258 // TRANS-RXN0-226
CPLX-155	CPLX-155	GO:0090566	TRANS-RXN-155B // TRANS-RXN-155	TRANS-RXN-155B // TRANS-RXN-155
CPLX-167	CPLX-167		TRANS-RXN-167 // TRANS-RXN-167A	TRANS-RXN-167 // TRANS-RXN-167A
CPLX0-7	CPLX0-7	GO:0090588	TRANS-RXN0-587 // RXN0-17	TRANS-RXN0-587 // RXN0-17
MONOMER0-5	MONOMER0-5	GO:0090563 // GO:0016301 // GO:0016740 // GO:0008982 // GO:0090588	TRANS-RXN0-587 // RXN0-17	TRANS-RXN0-587 // RXN0-17
G7921-MONOMER	G7921-MONOMER	GO:0015288	RXN-15315 // RXN0-0	RXN-15315 // RXN0-0
NANT-MONOMER	NANT-MONOMER	GO:0015538	RXN-15314	RXN-15314
CHAA-MONOMER	CHAA-MONOMER	GO:0015297 // GO:0008324 // GO:0015386 // GO:0015385	TRANS-RXN-42 // TRANS-RXN-101	TRANS-RXN-42 // TRANS-RXN-101
CPLX0-7629	CPLX0-7629		TRANS-RXN-129 // TRANS-RXN-292	TRANS-RXN-129 // TRANS-RXN-292
NHAB-MONOMER	NHAB-MONOMER	GO:0015297 // GO:0015081 // GO:0015385	TRANS-RXN-130	TRANS-RXN-130
NADH-DHI-CPLX	NADH-DHI-CPLX	GO:0005509 // GO:0046583 // GO:0008137	NADH-DEHYDROG-A-RXN // RXN0-5388	NADH-DEHYDROG-A-RXN // RXN0-5388
ABC-20-CPLX	ABC-20-CPLX		ABC-20-RXN	ABC-20-RXN
G7138-MONOMER	G7138-MONOMER	GO:0046583 // GO:0015099	TRANS-RXN0-585 // TRANS-RXN0-584	TRANS-RXN0-585 // TRANS-RXN0-584
CORA-MONOMER	CORA-MONOMER	GO:0046873 // GO:0015099 // GO:0015095 // GO:0015087	TRANS-RXN-141B // TRANS-RXN-141A // TRANS-RXN-141	TRANS-RXN-141B // TRANS-RXN-141A // TRANS-RXN-141
PNUC-MONOMER	PNUC-MONOMER	GO:0034257	TRANS-RXN0-481	TRANS-RXN0-481
NITRATREDUCTA-CPLX	NITRATREDUCTA-CPLX	GO:0048038 // GO:0009055 // GO:0008940	RXN0-3501 // RXN0-7124 // RXN-15119	RXN0-3501 // RXN0-7124 // RXN-15119
NITRATREDUCTZ-CPLX	NITRATREDUCTZ-CPLX	GO:0051538 // GO:0051539 // GO:0051536 // GO:0043546 // GO:0009055 // GO:0008940	RXN0-3501 // RXN-15119	RXN0-3501 // RXN-15119
NARU-MONOMER	NARU-MONOMER	GO:0022857 // GO:0015113 // GO:0015112 // GO:0015514	TRANS-RXN0-239	TRANS-RXN0-239
NARK-MONOMER	NARK-MONOMER	GO:0022857 // GO:0015113 // GO:0015112 // GO:0005452 // GO:0015513 // GO:0015514	TRANS-RXN-137 // TRANS-RXN0-239	TRANS-RXN-137 // TRANS-RXN0-239
NIRC-MONOMER	NIRC-MONOMER	GO:0015499 // GO:0022857 // GO:0015513	TRANS-RXN-137	TRANS-RXN-137
EG11035-MONOMER	EG11035-MONOMER	GO:0015288 // GO:0005337 // GO:0015471	TRANS-RXN0-468	TRANS-RXN0-468
NUPC-MONOMER	NUPC-MONOMER	GO:0015506	TRANS-RXN-108D // TRANS-RXN-108B // TRANS-RXN-108H // TRANS-RXN-108E // TRANS-RXN-108G // TRANS-RXN-108I // TRANS-RXN-108F // TRANS-RXN-108C // TRANS-RXN-108A // TRANS-RXN-476	TRANS-RXN-108D // TRANS-RXN-108B // TRANS-RXN-108H // TRANS-RXN-108E // TRANS-RXN-108G // TRANS-RXN-108I // TRANS-RXN-108F // TRANS-RXN-108C // TRANS-RXN-108A // TRANS-RXN-476
NUPG-MONOMER	NUPG-MONOMER	GO:0015506	TRANS-RXN-108A // TRANS-RXN-108B // TRANS-RXN-108H // TRANS-RXN-474 // TRANS-RXN-108C // TRANS-RXN-108I // TRANS-RXN-475 // TRANS-RXN-108G // TRANS-RXN-108D // TRANS-RXN-108E // TRANS-RXN-476	TRANS-RXN-108A // TRANS-RXN-108B // TRANS-RXN-108H // TRANS-RXN-474 // TRANS-RXN-108C // TRANS-RXN-108I // TRANS-RXN-475 // TRANS-RXN-108G // TRANS-RXN-108D // TRANS-RXN-108E // TRANS-RXN-476
ABC-22-CPLX	ABC-22-CPLX		TRANS-RXN0-268 // ABC-8-RXN // 3.6.3.23-RXN	TRANS-RXN0-268 // ABC-8-RXN // 3.6.3.23-RXN
CPLX0-7642	CPLX0-7642		TRANS-RXN-29 // TRANS-RXN-29A	TRANS-RXN-29 // TRANS-RXN-29A
EG11293-MONOMER	EG11293-MONOMER	GO:0005515	RXN-22553	RXN-22553
CPLX0-7533	CPLX0-7533		RXN0-2481 // RXN0-7211 // RXN0-7241 // RXN0-7210 // RXN-15315 // RXN0-0 // RXN0-7209 // RXN0-7208 // RXN0-7207 // RXN0-7206 // RXN0-7204 // RXN0-1741 // TRANS-RXN0-445 // RXN0-7203 // RXN0-7202 // RXN0-7201 // RXN0-7200 // RXN0-7199 // RXN0-7247 // RXN0-7246 // TRANS-RXN-380 // RXN0-7245 // RXN0-7244 // RXN0-7243 // RXN0-7242 // TRANS-RXN0-490 // TRANS-RXN0-615 // TRANS-RXN0-614 // TRANS-RXN0-612 // TRANS-RXN0-611 // TRANS-RXN0-609 // TRANS-RXN0-608 // TRANS-RXN0-607 // TRANS-RXN0-606 // TRANS-RXN0-604 // TRANS-RXN0-603 // TRANS-RXN0-601 // TRANS-RXN0-598	RXN0-2481 // RXN0-7211 // RXN0-7241 // RXN0-7210 // RXN-15315 // RXN0-0 // RXN0-7209 // RXN0-7208 // RXN0-7207 // RXN0-7206 // RXN0-7204 // RXN0-1741 // TRANS-RXN0-445 // RXN0-7203 // RXN0-7202 // RXN0-7201 // RXN0-7200 // RXN0-7199 // RXN0-7247 // RXN0-7246 // TRANS-RXN-380 // RXN0-7245 // RXN0-7244 // RXN0-7243 // RXN0-7242 // TRANS-RXN0-490 // TRANS-RXN0-615 // TRANS-RXN0-614 // TRANS-RXN0-612 // TRANS-RXN0-611 // TRANS-RXN0-609 // TRANS-RXN0-608 // TRANS-RXN0-607 // TRANS-RXN0-606 // TRANS-RXN0-604 // TRANS-RXN0-603 // TRANS-RXN0-601 // TRANS-RXN0-598
CPLX0-7534	CPLX0-7534		RXN0-2481 // RXN0-7211 // RXN0-7210 // RXN-15315 // RXN0-0 // RXN0-7209 // RXN0-7208 // RXN0-7206 // RXN0-7204 // RXN0-1741 // TRANS-RXN0-445 // RXN0-7203 // RXN0-7202 // RXN0-7199 // RXN0-7201 // RXN0-7200 // RXN0-7247 // RXN0-7246 // RXN0-7245 // RXN0-7244 // RXN0-7243 // RXN0-7242 // RXN0-7241 // TRANS-RXN0-490 // RXN0-7207 // TRANS-RXN0-609 // TRANS-RXN0-615 // TRANS-RXN0-614 // TRANS-RXN0-612 // TRANS-RXN0-611 // TRANS-RXN0-608 // TRANS-RXN0-607 // TRANS-RXN0-606 // TRANS-RXN0-604 // TRANS-RXN0-603 // TRANS-RXN0-601 // TRANS-RXN0-598 // TRANS-RXN-380	RXN0-2481 // RXN0-7211 // RXN0-7210 // RXN-15315 // RXN0-0 // RXN0-7209 // RXN0-7208 // RXN0-7206 // RXN0-7204 // RXN0-1741 // TRANS-RXN0-445 // RXN0-7203 // RXN0-7202 // RXN0-7199 // RXN0-7201 // RXN0-7200 // RXN0-7247 // RXN0-7246 // RXN0-7245 // RXN0-7244 // RXN0-7243 // RXN0-7242 // RXN0-7241 // TRANS-RXN0-490 // RXN0-7207 // TRANS-RXN0-609 // TRANS-RXN0-615 // TRANS-RXN0-614 // TRANS-RXN0-612 // TRANS-RXN0-611 // TRANS-RXN0-608 // TRANS-RXN0-607 // TRANS-RXN0-606 // TRANS-RXN0-604 // TRANS-RXN0-603 // TRANS-RXN0-601 // TRANS-RXN0-598 // TRANS-RXN-380
G6657-MONOMER	G6657-MONOMER	GO:0015288 // GO:0015478 // GO:0015481	RXN0-2542	RXN0-2542
G6700-MONOMER	G6700-MONOMER	GO:0015288	RXN0-2481	RXN0-2481
CPLX0-7530	CPLX0-7530		RXN0-2481 // RXN0-7241 // RXN0-7211 // RXN0-7210 // RXN-15315 // RXN0-0 // RXN0-7209 // RXN0-7208 // RXN0-7207 // RXN0-7206 // RXN0-7204 // RXN0-1741 // TRANS-RXN0-445 // RXN0-7203 // RXN0-7202 // RXN0-7201 // RXN0-7200 // RXN0-7199 // RXN0-7247 // RXN0-7246 // TRANS-RXN-380 // RXN0-7245 // TRANS-RXN0-490 // RXN0-7244 // RXN0-7243 // RXN0-7242 // TRANS-RXN0-615 // TRANS-RXN0-614 // TRANS-RXN0-612 // TRANS-RXN0-611 // TRANS-RXN0-609 // TRANS-RXN0-608 // TRANS-RXN0-607 // TRANS-RXN0-606 // TRANS-RXN0-604 // TRANS-RXN0-603 // TRANS-RXN0-601 // TRANS-RXN0-598	RXN0-2481 // RXN0-7241 // RXN0-7211 // RXN0-7210 // RXN-15315 // RXN0-0 // RXN0-7209 // RXN0-7208 // RXN0-7207 // RXN0-7206 // RXN0-7204 // RXN0-1741 // TRANS-RXN0-445 // RXN0-7203 // RXN0-7202 // RXN0-7201 // RXN0-7200 // RXN0-7199 // RXN0-7247 // RXN0-7246 // TRANS-RXN-380 // RXN0-7245 // TRANS-RXN0-490 // RXN0-7244 // RXN0-7243 // RXN0-7242 // TRANS-RXN0-615 // TRANS-RXN0-614 // TRANS-RXN0-612 // TRANS-RXN0-611 // TRANS-RXN0-609 // TRANS-RXN0-608 // TRANS-RXN0-607 // TRANS-RXN0-606 // TRANS-RXN0-604 // TRANS-RXN0-603 // TRANS-RXN0-601 // TRANS-RXN0-598
ABGT-MONOMER	ABGT-MONOMER	GO:0015291 // GO:0015558	TRANS-RXN0-452	TRANS-RXN0-452
PANF-MONOMER	PANF-MONOMER	GO:0022857 // GO:0015081 // GO:0015233 // GO:0015293	TRANS-RXN-117	TRANS-RXN-117
G6531-MONOMER	G6531-MONOMER	GO:1901515 // GO:0015159	TRANS-RXN0-275	TRANS-RXN0-275
CPLX0-8097	CPLX0-8097		TRANS-RXN-205A	TRANS-RXN-205A
PHEP-MONOMER	PHEP-MONOMER		TRANS-RXN-56	TRANS-RXN-56
ABC-27-CPLX	ABC-27-CPLX		RXN-22326 // ABC-27-RXN	RXN-22326 // ABC-27-RXN
CPLX0-7994	CPLX0-7994	GO:0008375 // GO:0015159	TRANS-RXN0-549 // RXN0-5413	TRANS-RXN0-549 // RXN0-5413
G6255-MONOMER	G6255-MONOMER	GO:0008381	TRANS-RXN-86	TRANS-RXN-86
PUTP-MONOMER	PUTP-MONOMER	GO:0022857 // GO:0015293 // GO:0031402 // GO:0005298	TRANS-RXN-118 // TRANS-RXN0-505	TRANS-RXN-118 // TRANS-RXN0-505
MALX-MONOMER	MALX-MONOMER	GO:0090564 // GO:0090563 // GO:0005515 // GO:0016301 // GO:0016740 // GO:0008982 // GO:0005363 // GO:0055056	TRANS-RXN0-575 // TRANS-RXN0-574	TRANS-RXN0-575 // TRANS-RXN0-574
YICM-MONOMER	YICM-MONOMER	GO:0022857 // GO:0015211	RXN0-22 // RXN0-18	RXN0-22 // RXN0-18
HCAT-MONOMER	HCAT-MONOMER	GO:0030395 // GO:0015528 // GO:0015293	TRANS-RXN0-282	TRANS-RXN0-282
YNFJ-MONOMER	YNFJ-MONOMER	GO:0005247 // GO:0005244 // GO:0005254	RXN0-2501	RXN0-2501
EG11919-MONOMER	EG11919-MONOMER	GO:0005436 // GO:0005315	TRANS-RXN0-470	TRANS-RXN0-470
CPLX0-7807	CPLX0-7807		TRANS-RXN-351	TRANS-RXN-351
ABC-41-CPLX	ABC-41-CPLX		TRANS-RXN0-268 // ABC-8-RXN // 3.6.3.23-RXN	TRANS-RXN0-268 // ABC-8-RXN // 3.6.3.23-RXN
YEIM-MONOMER	YEIM-MONOMER	GO:0015293 // GO:0005337	TRANS-RXN0-538	TRANS-RXN0-538
YIHO-MONOMER	YIHO-MONOMER	GO:0022857 // GO:0015293 // GO:0015294 // GO:1901682	TRANS-RXN0-580	TRANS-RXN0-580
ABC-29-CPLX	ABC-29-CPLX		TRANS-RXN-328	TRANS-RXN-328
ABC-25-CPLX	ABC-25-CPLX		ABC-25-RXN	ABC-25-RXN
POTE-MONOMER	POTE-MONOMER	GO:0022857 // GO:0015489 // GO:0015297 // GO:0015496 // GO:0015293	TRANS-RXN-69 // TRANS-RXN0-211	TRANS-RXN-69 // TRANS-RXN0-211
YEEF-MONOMER	YEEF-MONOMER	GO:0022857 // GO:0015489 // GO:0015295	TRANS-RXN-69	TRANS-RXN-69
B1296-MONOMER	B1296-MONOMER	GO:0015295 // GO:0015489	TRANS-RXN-69	TRANS-RXN-69
PYRNUTRANSHYDROGEN-CPLX	PYRNUTRANSHYDROGEN-CPLX	GO:0008750	TRANS-RXN0-277	TRANS-RXN0-277
MONOMER0-2797	MONOMER0-2797		TRANS-RXN0-205	TRANS-RXN0-205
B1006-MONOMER	B1006-MONOMER	GO:0015218 // GO:0022857 // GO:0015293 // GO:0005350 // GO:0015505 // GO:0015210	TRANS-RXN-132 // TRANS-RXN-362 // RXN-5076	TRANS-RXN-132 // TRANS-RXN-362 // RXN-5076
EG10167-MONOMER	EG10167-MONOMER	GO:0005477	TRANS-RXN-335	TRANS-RXN-335
G7942-MONOMER	G7942-MONOMER	GO:0015293 // GO:0042802 // GO:0005515 // GO:0005477	TRANS-RXN-335	TRANS-RXN-335
EG12217-MONOMER	EG12217-MONOMER	GO:0022857	TRANS-RXN-412	TRANS-RXN-412
TRKG-MONOMER	TRKG-MONOMER	GO:0015379 // GO:0046872 // GO:0008324 // GO:0030955 // GO:0005267 // GO:0015079	TRANS-RXN-3	TRANS-RXN-3
RHAT-MONOMER	RHAT-MONOMER	GO:0015153 // GO:0015293	TRANS-RXN-112 // TRANS-RXN0-236	TRANS-RXN-112 // TRANS-RXN0-236
ABC-28-CPLX	ABC-28-CPLX		ABC-28-RXN	ABC-28-RXN
SEC-SECRETION-CPLX	SEC-SECRETION-CPLX		TRANS-RXN-403	TRANS-RXN-403
YGJU-MONOMER	YGJU-MONOMER	GO:0022857 // GO:0015171 // GO:0015293 // GO:0015175 // GO:0005295	RXN0-4083	RXN0-4083
SHIA-MONOMER	SHIA-MONOMER	GO:0022857 // GO:0015293 // GO:0015530	TRANS-RXN-27	TRANS-RXN-27
EG12357-MONOMER	EG12357-MONOMER	GO:0016874 // GO:0005524 // GO:0000166 // GO:0031956	RXN-9644 // PROPIONATE--COA-LIGASE-RXN // ACYLCOASYN-RXN // TRANS-RXN0-623 // RXN0-7238 // RXN0-7239 // RXN0-7248	RXN-9644 // PROPIONATE--COA-LIGASE-RXN // ACYLCOASYN-RXN // TRANS-RXN0-623 // RXN0-7238 // RXN0-7239 // RXN0-7248
EG11671-MONOMER	EG11671-MONOMER		TRANS-RXN0-281	TRANS-RXN0-281
YJHB-MONOMER	YJHB-MONOMER	GO:0022857 // GO:0046943	TRANS-RXN-415	TRANS-RXN-415
CPLX0-7626	CPLX0-7626		TRANS-RXN-86	TRANS-RXN-86
ABC-34-CPLX	ABC-34-CPLX	GO:0015169 // GO:0001406 // GO:0015430	ABC-34-RXN // TRANS-RXN0-573	ABC-34-RXN // TRANS-RXN0-573
GLPT-MONOMER	GLPT-MONOMER	GO:0022857 // GO:0015169 // GO:0015527 // GO:0015315	TRANS-RXN-22	TRANS-RXN-22
CPLX-169	CPLX-169	GO:0090565 // GO:0090583	TRANS-RXN-169 // TRANS-RXN-156	TRANS-RXN-169 // TRANS-RXN-156
ABC-24-CPLX	ABC-24-CPLX		ABC-24-RXN // ABC-25-RXN	ABC-24-RXN // ABC-25-RXN
B0070-MONOMER	B0070-MONOMER	GO:0022857 // GO:0005351	TRANS-RXN-82	TRANS-RXN-82
B2170-MONOMER	B2170-MONOMER	GO:0022857 // GO:0005351	TRANS-RXN-82	TRANS-RXN-82
ABC-70-CPLX	ABC-70-CPLX		ABC-70-RXN // ABC-7-RXN // TRANS-RXN0-478 // TRANS-RXN0-479 // ABC-19-RXN	ABC-70-RXN // ABC-7-RXN // TRANS-RXN0-478 // TRANS-RXN0-479 // ABC-19-RXN
EG10003-MONOMER	EG10003-MONOMER	GO:0009675 // GO:0015116	TRANS-RXN0-586	TRANS-RXN0-586
ABC-64-CPLX	ABC-64-CPLX		ABC-64-RXN	ABC-64-RXN
TEHA-MONOMER	TEHA-MONOMER	GO:0042802 // GO:0046583	TRANS-RXN0-539	TRANS-RXN0-539
ABC-32-CPLX	ABC-32-CPLX		ABC-32-RXN	ABC-32-RXN
ABC-7-CPLX	ABC-7-CPLX		ABC-7-RXN // ABC-70-RXN // TRANS-RXN0-478 // TRANS-RXN0-479 // ABC-19-RXN	ABC-7-RXN // ABC-70-RXN // TRANS-RXN0-478 // TRANS-RXN0-479 // ABC-19-RXN
TDCC-MONOMER	TDCC-MONOMER	GO:0015171 // GO:0022889 // GO:0015293 // GO:0015565 // GO:0015194 // GO:0015195 // GO:0015295	TRANS-RXN-71 // TRANS-RXN-72	TRANS-RXN-71 // TRANS-RXN-72
MONOMER0-2799	MONOMER0-2799		TRANS-RXN0-214	TRANS-RXN0-214
MONOMER0-2798	MONOMER0-2798		TRANS-RXN0-213	TRANS-RXN0-213
CPLX-168	CPLX-168	GO:0090589	TRANS-RXN-168	TRANS-RXN-168
CPLX0-2161	CPLX0-2161		TRANS-RXN-365	TRANS-RXN-365
MTR-MONOMER	MTR-MONOMER	GO:0015173 // GO:0005300 // GO:0015293 // GO:0022804	TRANS-RXN-76 // TRANS-RXN-142	TRANS-RXN-76 // TRANS-RXN-142
TNAB-MONOMER	TNAB-MONOMER	GO:0015173 // GO:0015293	TRANS-RXN-76	TRANS-RXN-76
TATABCE-CPLX	TATABCE-CPLX	GO:0009977	TRANS-RXN0-181	TRANS-RXN0-181
TYRP-MONOMER	TYRP-MONOMER	GO:0015173	TRANS-RXN-77	TRANS-RXN-77
CPLX0-7720	CPLX0-7720		TRANS-RXN0-276	TRANS-RXN0-276
CPLX0-8247	CPLX0-8247		TRANS-RXN-132	TRANS-RXN-132
YGFU-MONOMER	YGFU-MONOMER	GO:0022857 // GO:0015293 // GO:0015143 // GO:0042907	RXN-5076 // TRANS-RXN0-530	RXN-5076 // TRANS-RXN0-530
ABC-5-CPLX	ABC-5-CPLX		ABC-5-RXN // TRANS-RXN-296	ABC-5-RXN // TRANS-RXN-296
CPLX0-7653	CPLX0-7653		TRANS-RXN-145	TRANS-RXN-145
YICE-MONOMER	YICE-MONOMER	GO:0022857 // GO:0042907	RXN-5076	RXN-5076
YGFO-MONOMER	YGFO-MONOMER	GO:0022857 // GO:0042907	RXN-5076	RXN-5076
XAPB-MONOMER	XAPB-MONOMER	GO:0022857 // GO:0015213 // GO:0015212 // GO:0005337 // GO:0015553	TRANS-RXN-31	TRANS-RXN-31
ABC-33-CPLX	ABC-33-CPLX		ABC-33-RXN	ABC-33-RXN
ABC-63-CPLX	ABC-63-CPLX		ABC-63-RXN	ABC-63-RXN
B0752-MONOMER	B0752-MONOMER	GO:0008324 // GO:0005385	TRANS-RXN0-200	TRANS-RXN0-200
YHHO-MONOMER	YHHO-MONOMER	GO:0015086 // GO:0005385 // GO:0019829 // GO:0046872 // GO:0005524 // GO:0000166 // GO:0016887 // GO:0015094 // GO:0008551 // GO:0016463	RXN0-5205 // 3.6.3.3-RXN // TRANS-RXN-452	RXN0-5205 // 3.6.3.3-RXN // TRANS-RXN-452
CPLX0-7641	CPLX0-7641		TRANS-RXN0-244 // RXN0-6 // TRANS-RXN0-200	TRANS-RXN0-244 // RXN0-6 // TRANS-RXN0-200
G6674-MONOMER	G6674-MONOMER	GO:0046873 // GO:0050897 // GO:0015095 // GO:0015087 // GO:0000287 // GO:0005515 // GO:0015295 // GO:0022883 // GO:0005385	TRANS-RXN-346	TRANS-RXN-346
