Symbol	PDBID
alr	3U2M
modB	2ONK
cysZ	6D79
dfp	2GZS
dcuB	
hisM	
zraS	
rhsE	
yaaA	5CAJ
cydC	
yebA	
acrD	4R86
rodZ	2WUS
garL	
ispB	3TC1
csrD	
cpxR	4UHT
yjiA	4IXN
aceA	3P0X
aceB	5TAO
aceE	3LQ4
aceF	6ZZI
aceK	3LC6
ackA	3SLC
pflA	3CAN
ada	1EYF
add	3A1A
adhE	7BVP
adk	2PKN
agp	3KQ0
alaS	1H7J
aldA	7JSO
puuC	5GTL
alkB	4RFR
amn	6GJE
ampC	6LC8
ampD	2Y2E
ampE	1UND
cysQ	3B8B
osmE	4DM5
ansA	2P2N
ansB	6WZ6
apaG	2F1E
apaH	4QM7
appA	2BUN
appY	6FRY
apt	2MNU
araA	2AJT
araB	3QDK
araC	1XJA
araD	1JDI
araE	5X5U
araF	5HO9
araG	5OV2
araH	3OB4
araJ	
arcA	1XHE
arcB	1FR0
argA	6ADD
argB	7NNB
argC	7NPJ
argD	7NNC
argF	7NP0
argG	6XNQ
argI	1AKM
argR	5CJ9
argS	6MMZ
argT	6XKS
aroA	1Q36
aroB	5HVN
aroC	1SQ1
aroD	3LB0
aroE	1NYT
aroF	3PG9
aroG	2B7O
aroH	4NWO
aroK	1KAG
aroL	2SHK
aroM	6HQV
aroP	
ascB	6WGD
ascF	2Q1K
ascG	3PH0
asd	2MGZ
aslA	
aslB	
asnA	4LNS
asnB	4LNS
asnC	2CG4
asnS	6GQ3
aspA	5K1Y
aspC	3ASB
aspS	5ZDH
atpA	1NNP
atpB	1PYV
atpC	1JNV
atpD	4GKF
atpE	2RQ7
atpF	2D00
atpG	1JNV
atpH	4M57
atpI	1HF9
avtA	3G7Q
bcp	3HJP
betA	1TG7
betB	4MPY
betI	7JKY
betT	
bfr	6P8L
bglB	2O9P
bglF	2HYK
bglG	6TWR
bioA	4XJP
bioB	6K38
bioC	6KUE
bioD	6CVE
bioF	3WY7
bioH	6K5E
birA	2EWN
bisC	
bolA	2KDN
btuB	1NQG
btuC	1L7V
btuD	1L7V
btuE	
btuR	4HUT
cadA	2AJ1
cadB	3Q16
cadC	5JU7
carA	2JML
carB	2A7K
cca	2ZHA
cdd	6PQC
cdh	1KDG
cdsA	4Q2G
chbB	2L2Q
chbC	3QNQ
chbA	2LRL
chbR	5XP5
chbF	
creD	5XNZ
cheA	1U0S
cheB	1CHD
cheR	1AF7
cheW	4JPB
cheY	2FKA
cheZ	2FMF
modC	2ONK
moeA	1WU2
moeB	1JW9
cirA	4X1F
clpA	1R6B
clpB	1JBK
clpP	6CFD
clpX	1OVX
cpdB	5EQV
cpsB	2WJF
cpsG	
cpxA	3V67
crp	6DT4
crr	1F3G
cspA	3MEF
cstA	1NB5
lnt	6NWR
cvpA	3LT3
cyaA	2COL
cybB	3A1F
cydA	7NKZ
cydB	7NKZ
cynS	4Y42
cynT	2A5V
cynX	
cyoA	1CYW
cyoB	6WTI
cyoC	
cyoD	6WTI
cyoE	
cysA	1Z47
cysB	5Z4Z
cysC	4BZQ
cysD	1ZUN
cysE	6JVU
cysG	1PJQ
cysH	6VPU
cysI	7SAW
cysJ	1YKG
cysK	5J5V
cysM	3DWI
cysN	4RFV
cysP	2Z22
cysS	3TQO
cysU	
cysW	
cytR	2L8N
dacA	6GYW
dacB	4D0Y
dacC	2J9P
dam	1JO1
dapA	3QZE
dapB	5UGV
dapD	3FSY
dapE	3ISZ
dapF	6D13
dbpA	4ONR
dcm	6E94
dcp	2QNC
ddlA	3I12
ddlB	1IOW
deaD	6AIB
dedA	
accD	1J0B
dedD	6ZTG
deoA	4X46
deoB	3M7V
deoC	1P1X
deoD	1XE3
deoR	4OQQ
dgkA	5D6I
dgt	4XDS
dicA	1SHJ
dicB	
dicC	
flk	3KX7
dksA	1TJL
dld	6AR6
dmsA	3CHG
dmsB	
dmsC	
dnaA	3PVV
dnaB	1B79
dnaC	6KZA
dnaE	7QIL
dnaG	2HAJ
dnaJ	1NLT
dnaK	4R5I
dnaN	6IZO
dnaQ	4FZY
dnaT	2RU8
dnaX	7CFV
mltD	1E0G
acpS	3HQJ
dppA	1HI9
dsdA	3SS9
dsdX	
dut	1PKJ
ebgA	
ebgC	
ebgR	
eco	1QC9
eda	1RJ8
edd	2GP4
eno	6J36
entA	2BL8
entB	2FQ1
entC	3HWO
entD	2KRS
entE	2FQ1
entF	5JA2
lpxC	2IES
acrE	2W1B
acrF	4ZJ3
envY	3JQZ
envZ	5XGA
era	3R9W
exbB	6YE4
exbD	2PFU
fabA	4CL6
fabB	7PPS
accB	7W5U
accC	3JZI
fabH	1ZOW
fadA	3ETW
fadB	6HRD
fadL	2R88
fadR	1H9T
fbaA	5VJE
fbp	1RVG
fdhE	2FIY
fdhF	1FDO
fecA	1PO3
fecB	
fecC	
fecD	
fecE	
fecI	
fecR	4M0N
fepA	1FEP
fepB	2M6L
fepC	
fepD	
fepE	3B8M
fepG	
fes	4E93
ffh	3NG1
fhlA	4QVD
fhuA	2FCP
fhuB	7LB8
fhuC	7LB8
fhuD	1K2V
fhuE	6E4V
fic	3SN9
fimA	2M5G
fimB	5NFI
fimC	4DWH
fimD	3BWU
fimE	
fimF	2JMR
fimG	5IQO
fimH	6GU0
lpxD	6P8B
fis	5E3O
fldA	5WID
flhC	2AVU
flhD	1G8E
fliC	4NX9
fliL	7SGP
fliM	4GC8
fliN	1YAB
fnr	5E44
folA	7RZO
folC	1W78
folD	1R9J
mutM	1R2Z
frdA	5VPN
frdB	6AWF
frdC	4KX6
frdD	4KX6
fre	7TXP
frr	4GFQ
fruA	2R4Q
fruK	2DI3
cra	3O75
ftsA	1E4G
ftsE	6Z67
ftsI	7ONO
ftsQ	6H9N
rsmD	3P9N
ftsW	6PL5
ftsX	6HE6
ftsY	1OKK
ftsZ	3WGN
fucA	2FLF
fucI	2AJT
fucK	4C23
fucO	2BL4
fucP	3O7Q
fucR	
fucU	2WCU
fumA	2ISB
fumB	
fumC	6NZC
fur	4RB0
fusA	5G62
gabT	4FFC
galE	3EHE
galK	1S4E
galR	4FE4
galS	5E9A
galT	5IN3
gapA	1RM5
epd	7DAD
gcd	2V3F
ispG	4S3F
gcvH	2P5I
gdhA	6JND
mokC	
ggt	2DBU
mnmG	3G05
rsmG	3G8B
glgA	2BFW
glgB	6JOY
glgC	6V99
glgP	4L22
glgX	2WSK
glmS	2H0X
glnA	6GY3
glnB	3O8W
glnG	2MSL
glnH	6H2T
glnL	1R62
glnP	4KR5
glnQ	4YMW
glnS	5BNZ
glpA	
glpB	
glpC	2EJY
glpD	2R4E
glpE	1GMX
glpF	1LDI
glpG	2O7L
glpK	3GE1
glpQ	5T9C
glpR	
glpT	1PW4
gltA	6ZU0
gltB	1EA0
gltD	6S6X
gltP	3KV0
gltS	1OFF
gltX	7K86
glyA	5K6O
glyQ	7QCF
glyS	7JX5
gnd	1NBK
gor	6WI6
gpp	3KRP
gpt	5BQO
greA	1GRJ
grpE	3A6M
grxA	1EGR
gshA	3K1T
gshB	2LDI
guaA	1MSY
guaB	7PMZ
guaC	2A1Y
gyrA	1ZI0
gyrB	4BAE
hdhA	7ENY
helD	6YYS
hemA	1VE3
hemB	2WOQ
hemC	5OV6
hemD	1JR2
hemH	2C8J
hemL	3L44
hemX	
hemY	2IVE
hflC	7VHQ
hflK	7VHQ
hflX	3KXI
hfq	4JLI
hha	1JW2
ihfA	1OWG
ihfB	2HT0
hipB	3DNV
hipA	3FBR
hisA	5A5W
hisB	2FPX
hisC	1IJI
hisD	1KAR
hisF	6VDG
hisG	5M8H
hisH	6YMU
hisI	1ZPS
hisP	1B0U
hisS	5MXS
truA	2NRE
hlpA	1U2M
hmp	5XA5
hns	1DJ8
hsdM	3OKG
hsdR	6H2J
hsdS	3OKG
htpG	2GQ0
htpX	3CQB
degP	6JJO
lpxL	1P4Q
ribB	1TKS
hupA	1H23
hupB	6B0U
hyaA	5LMM
hyaB	5LMM
hyaC	5J6W
hyaD	
hyaE	2QGV
hyaF	
hycA	
hycB	
hycC	
hycD	
hycE	2OT2
hycF	
hycG	
hycH	
zraR	1OJL
hypA	5AUP
hypB	2WSM
hypC	2OT2
hypD	2Z1D
hypE	2Z1F
iap	1TW6
icd	5M2E
argP	3ISP
iclR	1MKM
ileS	6UFM
ilvA	1TDJ
ilvB	5YUM
ilvC	6L2S
ilvD	2GP4
ilvE	3HT5
ilvG_2	
ilvH	2F1F
ilvI	
ilvM	5YUM
ilvN	2LVW
ilvY	
infA	3I4O
infB	1G2R
infC	6VRJ
intD	
ispA	3LLW
katE	3TTU
rpoS	6FI7
katG	2CCA
kbl	1FC4
kdpA	5MRW
kdpB	1U7Q
kdpC	7LC6
kdpD	7JI4
kdpE	3ZQ7
kdsA	6BNG
kdsB	3K8E
waaA	2XCU
kefC	3EYW
kgtP	
rsmA	4K59
lacA	1TG7
lacI	4KMR
lacY	6C9W
lacZ	4DUX
lamB	1MPQ
lepA	3CB4
lepB	4I1M
leuO	6GZ2
leuS	7KGI
lexA	1JHF
ligA	1BOU
lit	7PTY
livF	
livG	1GAJ
livH	
livJ	4GNR
livK	4QWV
livM	
lon	1XHK
lpd	3CAY
lpp	1KFN
lpxA	6P9P
lpxB	5W8S
lrp	2L4A
lspA	6RYP
lysA	1HKW
lysC	4NSY
lysR	1IXC
lysS	1KRT
lysU	1LYL
malE	4B86
malF	2R6G
malG	2R6G
malI	6ZYY
malK	2AWO
malM	1R6G
malP	1L6I
malQ	4S3R
malT	1HZ4
malX	2XD3
malY	1D2F
malZ	5BN7
manA	2ZEW
manX	3LFH
manY	6HAG
manZ	6UX9
map	1CM8
mazE	2MRU
mazG	3CRA
mcrA	6GHC
mcrB	6P0G
mcrC	6HZ9
mdh	1B8P
melA	4QFV
melB	7L17
menD	5ERY
mepA	1U10
metA	303D
metB	3QI6
metC	2VKE
metE	3L7R
metF	5UME
metG	4QRE
metH	4GQP
metJ	1MJL
metK	5H9U
metL	
metR	5FO5
mglA	6HJO
mglB	6IZW
mglC	7CT3
miaA	3FOZ
minC	1HF2
minD	3R9J
minE	1EV0
groL	4B0P
groS	3TEC
motA	1KAF
motB	3CYP
mprA	5YL7
mraY	6OZ6
mrcB	3SSC
mrdA	6TIX
mrdB	6PL5
mreB	4CZM
mreC	2J5U
mreD	2J5U
mrp	7C79
mrr	1FOZ
msbA	5TTP
lpxM	5KNK
mtlA	2OQ3
mtlD	7OCU
mtr	1NGT
mukB	3IBP
murC	1P31
murD	1E0D
murE	7D27
murF	1GG4
murG	1F0K
mutH	2AZO
mutS	1EWQ
mutT	1PUN
mutY	1RRS
fpr	3CRZ
emrE	7SFQ
nadA	4P3X
nadB	3LEC
nagA	2P53
nagB	2RI0
nagD	2C4N
nagE	
nagC	3BP8
nanA	2VVZ
narG	3IR7
narH	7B04
narI	1AX6
narJ	2O9X
narK	4U4W
narL	1ZG5
narV	
narW	
narX	3EZH
narY	
narZ	
ndh	7WFF
ndk	2ZUA
nfo	4HNO
nhaA	4ATV
nirB	3KLJ
nirC	4FC4
nirD	2JO6
sfsB	
nlpA	4Q5T
bamC	3SNS
nmpC	
nrdA	4F2I
nrdB	6SF4
nth	5JTA
nadE	6KV3
nupG	7DLA
nusA	1U9L
nusB	1TZV
nusG	1NPR
ogt	5A01
ompA	2MQE
ompC	2XG6
ompF	2ZFG
ompR	6LXL
ompT	1I78
oppA	2RKM
oppB	
oppC	
oppD	
oppF	3KXA
osmB	1D1R
osmC	1QWI
oxyR	7L4S
pabA	4GRH
pabB	4GRH
pal	6S3W
panF	
parC	1WP5
parE	7ETR
pck	1OS1
pcm	6PTQ
pcnB	1VFG
pdxA	1PTM
pdxJ	3O6D
pepA	1GYT
pepD	3MRU
pepN	5DLL
pepP	2D9Y
pepQ	4QR8
pfkA	6PFK
pfkB	4DU5
pflB	
pgi	2WU8
pgk	1QPG
pgpA	1TLQ
pgpB	5JWY
pgsA	7DRK
pheA	4LUB
pheP	1CGH
pheS	7DB8
pheT	1JJC
yjdM	2AKL
yjdN	
phnC	6M1T
phnD	3S4U
phnF	2FA1
phnG	4XB6
phnH	2FSU
phnI	4XB6
phnJ	4XB6
phnK	7Z19
phnL	
phnM	
phnN	
phnO	
phnP	3G1P
phoA	2MLY
phoB	2JB9
phoE	1H2F
creC	5XJN
phoP	2PL1
phoQ	6A8V
phoR	5UKY
pstS	4OMB
phoU	1T72
phr	3HWJ
pinE	6WLF
pldA	1ILZ
pldB	6LCH
plsB	6GO0
pmbA	1VL4
pncB	4HL7
pnp	1PBN
pntA	1X15
pntB	1HZZ
polA	7PBK
polB	4P5B
mrcA	3D0F
potA	7O4X
potB	
potC	3J0E
potD	1POY
potE	6V8L
poxB	3EYA
ppa	6AIP
ppc	1U80
ppiA	1W74
ppiB	7L6Y
ppsA	7AKC
prc	1PM3
prfA	2BEO
prfB	1MI6
priA	4NL4
priB	5WQV
priC	2NCJ
secY	3MP7
proA	6YZE
proB	1I10
proC	2BNA
proS	1N5P
proV	7WKK
proW	2G14
proX	1SW1
prs	5VAD
psd	4H11
pspA	7ABK
pspB	
pspC	
pspD	1M7L
pspE	2JTS
pssA	5KLH
pstA	4RWX
pstB	4Q25
pstC	4Q25
pth	5Y9A
ptrA	
ptsG	1Z6R
ptsH	3IHS
ptsI	6V9K
purA	6JRQ
purC	6Z0Q
purD	2IP4
purE	3RG8
purF	1WET
purH	4A1O
purK	1B6S
purL	1T3T
purM	1T3T
purN	3DA8
purR	1P4A
putA	4O8A
putP	2RBF
pykA	6QXL
pykF	7OO1
pyrB	3LXM
pyrC	3JZE
pyrD	1EP3
pyrE	3MJD
pyrF	3RU6
pyrG	4ZDI
pyrI	3MPU
queA	1YY3
racC	4MIT
rbsA	
rbsB	7E7M
rbsC	
rbsD	1OGD
rbsK	6ILR
rbsR	4RK1
rcsA	5GHK
rcsB	6ZIL
rcsC	2AYX
recA	1XP8
recB	7MR2
recC	1W36
recD	3E1S
recE	3H4R
recF	5Z69
recG	1GM5
recJ	2ZXR
recN	4ABX
recO	1U5K
recQ	1WUD
recR	1VDD
relA	1VJ7
relB	2K29
rep	1RZ9
rfaD	3SXP
rfaH	2LCL
rfe	7AIJ
fliD	5H5V
rhaR	5U9E
rhaS	5BQ3
rhlB	2YJV
rho	1UIX
rhsA	7Q97
rhsB	
rhsC	
rhsD	
rimI	2CNS
rimJ	6C37
rimK	5ZCT
rimL	1S7F
rlpA	6I05
lptE	4NHR
rna	5FJ8
rnc	3O2R
rnd	6VEJ
rne	4AID
rnhA	1JL2
rnhB	2ETJ
rnpA	6D1R
rph	5HV3
rplA	4F9T
rplB	1RL2
rplC	7SAE
rplD	6KWO
rplE	1IQ4
rplF	1RL6
rplI	2HBB
rplJ	1ZAW
rplK	2FOW
rplL	1ZAW
rplM	7S0S
rplN	1WHI
rplO	7S0S
rplP	1WKI
rplQ	7SAE
rplR	1ILY
rplS	7SAE
rplT	2GHJ
rplV	1BXE
rplW	1N88
rplX	2JXT
rplY	5IZN
rpmB	2JZ6
rpmC	7SAE
rpmD	1BXY
rpmE	3IYY
rpmF	7SAE
rpmG	7PAU
rpmH	7S0S
rpoA	2MAX
rpoB	5UAQ
rpoC	4IQZ
rpoD	2K6X
rpoH	7JNP
rpoN	2AHQ
rpoZ	5W1T
rpsA	4NNH
rpsB	7OXK
rpsC	7BGE
rpsD	1C06
rpsE	1PKP
rpsF	6I6I
rpsG	1HUS
rpsH	1SEI
rpsI	2R1G
rpsJ	2MEW
rpsK	7OOC
rpsL	5GL6
rpsM	3IYY
rpsN	6YTF
rpsO	2VAZ
rpsP	1EMW
rpsQ	1RIP
rpsR	2CNM
rpsS	1QKH
rpsT	7OOC
rpsU	7OOC
ftnA	3R2S
coaA	2F9T
ruvC	6LW3
sbcB	3C95
sbcC	6S85
sbmA	4QPQ
sbp	4JO6
sdaA	
sdhA	6C12
sdhB	7KCL
sdhC	2WU2
sdhD	2WU5
sdiA	4LFU
secA	1TF5
secB	1QYN
secD	5XAM
secE	1RH5
secF	5XAM
selA	3WCO
selB	1MFK
selD	2ZOD
serA	2MUJ
serB	3M1Y
serC	3FFR
serS	2DQ3
maeA	6AGS
sfsA	4DA2
slt	5OHU
ytjB	
bamE	5WAM
sodA	4DVH
sodB	4DVH
prlF	1YSF
sohB	
soxR	2ZHH
soxS	3DML
speA	3NZQ
speB	4RKX
speC	1KTK
speD	1TNE
speE	5X0Z
speF	6TC3
gmk	4QRH
spoT	7KJL
trmH	2I6D
sppA	3RST
srlE	
srlB	
srlD	5O3Z
gutM	
gutQ	
srlR	
srmB	2YJT
ssb	3ULP
sspA	7DY6
sspB	1OU9
sucA	6VEF
sucB	1KNC
sucC	6PFN
sucD	2YV2
suhB	6IB7
sulA	1OFT
surA	2PV3
tag	1RSU
tap	4III
tar	1ANR
tdcA	
tdcB	2GN1
tdcC	
tdcR	
tdh	5L9A
tdk	6OUV
tesB	4R4U
tgt	2BBF
mnmE	1RFL
thrA	6DZS
thrB	5WAT
thrC	6NMX
thrS	4V4P
thyA	4FOX
tig	4HW6
ptrB	
tnaA	5W1B
tnaB	
tolA	1LR0
tolB	2IVZ
tolC	2XMN
tolQ	6YSL
tolR	5BY4
tonB	6FIP
topA	1UI8
topB	2O5E
tpiA	6W4U
tpr	2FO7
treA	5BRQ
trg	2GBP
trkA	6V4K
trkG	3PJZ
trkH	6V4L
trmA	3BT7
trmD	5WYQ
trpA	6V82
trpB	6V82
trpC	6DJR
trpD	5NOF
trpE	1QDL
trpR	2XDI
trpS	5N2P
trxA	2VOC
trxB	4GCM
tsf	6BLM
tsr	1W0S
tsx	1TLY
tufA	7VMC
tufB	3DWU
tus	2EWJ
tyrA	2PV7
tyrB	4WD2
tyrP	5M8S
tyrR	1G2H
tyrS	2KHY
ubiX	4ZAX
udp	4NES
ugpA	4AQ4
ugpB	4MFI
ugpC	4AQ4
ugpE	4AQ4
ugpQ	1ZCC
uhpA	3QP8
uhpB	
uhpC	
uhpT	
uidA	5Z1B
umuC	4K74
umuD	1I4V
ung	6LYE
usg	2HJS
ushA	2USH
uvrA	3UWX
uvrB	1QOJ
uvrC	1QOJ
uvrD	3LFU
uxaB	
uxuA	1TZ9
valS	4XKZ
vsr	1VSR
xerC	5DCF
dsbC	1JZO
xerD	1A0P
xseA	
xthA	2VOA
xylA	1A0E
xylB	3KZB
xylE	4QIQ
nhaR	
ribF	1PBR
fkpB	2M2A
ispH	3URK
rihC	
hepA	7MKQ
mraZ	1N0E
rsmH	3TKA
ftsL	5Z2W
secM	3JBU
pdhR	5KVR
yacC	1VZY
mtn	6PGZ
frsA	3MVE
crl	2MZ8
yaiA	2KVT
sbcD	4LU9
acpH	2K7K
yajC	2RDD
yajD	
xseB	1VP7
ybaA	2OKQ
ybaB	1PUG
aes	4KRY
gsk	7U36
fimZ	
entS	
entH	1INZ
ybgA	
mngR	
ybgC	2PZH
cspD	6T00
aat	6F77
yccA	2R65
yceA	
yceB	3L6I
rluC	1V9K
yceD	
tfaE	
yciA	3BJK
yciB	
yciC	
ompW	2X27
yciE	3OGH
yciF	2GS4
yciG	
yciH	1D1R
rem	2NZJ
hokD	
relE	1WMI
ppsR	4L9F
nlpC	6BIM
ydjA	3BM2
pncA	5ZN8
yebB	
yebC	1KON
nudB	5U7H
yecA	
uvrY	4LFU
yedA	
yfaA	
ubiG	4KDC
yfcA	
yfeA	5UYW
xapR	
yffB	2KOK
gcvR	
hyfA	
raiA	1NVG
yfiB	5EB0
rimM	7CQ1
ppdC	2NXW
ygdB	
ppdB	
ygeA	5HRC
fau	2L7R
argO	
mscS	6VYM
yggC	
yggD	3C8G
ygiA	
ygiB	
ygiC	
ygiD	2PW6
zupT	
ttdA	2JNJ
ttdB	
tsaD	6S84
tdcD	2E20
yhaB	
yhaC	
garK	
garR	1VPD
truB	1R3F
rbfA	1KKG
rimP	5GL6
mscL	3HZQ
bfd	6E6S
yhfA	1ML8
damX	2LFV
yhhA	
yiaA	
yibA	1OYZ
htrL	7E32
waaC	2H1H
coaD	5TS2
slmA	4GFL
yicC	
dinD	
xanP	
yidA	1RKQ
yidB	1Z67
yidC	5Y83
glmU	2V0L
mioC	2HNB
yigA	
yigB	
yihA	3PQC
murI	5IJW
murB	1HSK
yjaA	
yjaB	2KCW
arpA	1FKZ
psiE	2W31
yjdA	
epmA	
nsrR	5N08
yzfA	
yjjA	
yjjB	
creA	6YMJ
creB	5ZK1
ydcA	
zwf	7E6I
alkA	1TGM
argH	2E9F
fliO	5H72
dcuA	
leuA	1SR9
fdnG	6SDV
fdnH	
fdnI	
melR	4QFV
rpmI	6GKQ
rpmJ	1DGZ
rstB	4NHJ
ydiB	1NPD
rhlE	
yahA	4LYK
chiA	6S2X
ybhB	1FJJ
ybhA	
ycaC	1YAC
ycaD	
yggE	
yggF	3D1R
uspE	5CB0
rlmD	1UWV
mazF	4ME7
chpS	
ychA	
mukE	3RPU
ycbB	6NTW
rlmH	5TWK
rsfS	4WCW
iraP	6YDX
adrA	
focA	3KCV
rnr	6GP3
yifB	
nfsA	7NB9
tsgA	
gspB	5IUC
cmk	2H92
waaH	
yiaB	
fmt	1FMT
hisL	
ilvL	
pheL	2INP
pheM	2INP
trpL	
ivbL	
tnaC	7O1A
thrL	
pyrL	
leuL	
mutL	5B42
hyfB	
phnE_1	
fabZ	2GLP
glrR	
argE	7RSF
ygbA	
mak	4O7P
preA	6LSS
yeiB	
loiP	
yghA	3R3S
lolB	3WJV
ispE	2VF3
wzzE	4WL1
radA	5H45
dsbA	1FVK
yhdE	4P0E
rng	6GQ4
ydfA	
ydfB	7B3A
rzpQ	
ydfD	
ydfE	
tatE	1DUF
lipA	6GSF
ydbC	2LTD
ydbD	
dusB	6EI9
yicR	
rhaT	
purB	2X75
yhdH	1O8C
malS	7LXP
fabD	1MLA
fabG	6T77
galU	4D48
nrdR	7P3Q
ribD	2OBC
ribE	7KPD
ygfB	1IZM
ubiH	7MWA
acnA	6YBI
codA	5MBA
codB	
fdx	2PVD
gabD	3JZ4
gabP	2JUO
ribA	4RL4
upp	5EKL
visC	4K22
ligB	1BOU
nadR	1LW7
endA	5X89
lysP	
msyB	
waaG	2N58
waaP	6DFL
waaQ	
ychE	
mdtG	7LO7
mnmA	2DET
hflD	1QZ4
fliE	7CG4
fliF	7CIK
waaS	1Q7S
waaB	6Y6I
waaI	
waaJ	
emrA	4TKO
fliA	1SC5
fliZ	
dinG	6FWS
murA	3SPB
gspO	
bax	5W63
asmA	
gluQ	
amiB	3NE8
bglH	6WGD
rob	1D5Y
barA	3IQT
menB	1Q52
ubiC	2FA1
ubiA	4OD5
pgpC	279D
tadA	1WWR
mltF	5A5X
folK	1FAF
folE	4UQF
ftsP	2UXV
plsC	5KYM
sufA	2D2A
appB	7OSE
appC	7OSE
glgS	1RRZ
elbB	1OY1
ahpC	4QL9
ahpF	1HYU
yjiV	
amyA	1WZA
fliS	3K1I
fliT	3A7M
uspA	3FG9
osmY	2KSM
nhaB	
dsbB	2HI7
fabR	
yijD	
ubiD	2IDB
hdeA	5WYO
hdeB	2XUV
yhiD	7QA5
psiF	6EQ1
treC	
ppx	2FLO
ychF	1JAL
cydD	1KYH
ribC	2B99
dadA	6RCN
dadX	1RCQ
lpxK	4LKV
yjgA	7BL5
glnD	5L9N
holA	3GLH
holC	3SXU
holD	6YRL
dps	2C41
nrdD	1HK8
dcd	2NDK
bcr	1K1F
cynR	3HFU
inaA	
waaU	
waaL	7TPJ
waaY	
waaZ	
tktA	3KOM
sthA	6ZV6
yjaZ	
ycfD	4NUB
yfeC	
yfeD	
msrA	3E0M
marA	1XS9
marR	5ERI
ahr	5Y7Y
plsX	1VI1
yceF	4LU1
emrB	
def	2B68
prlC	
gcvT	1VLO
rpiA	1KS2
scpA	3EIF
argK	2P67
csrA	5DMB
acs	1MJG
hdfR	6WN5
yifE	
rffE	4HWG
rffD	
rffG	
rffH	1MC3
rffC	
rffA	4ZAH
wzyE	
rffM	
yifK	
narQ	6YUE
yigE	
corA	4I0U
yigF	6TCC
yigG	
rarD	
yigI	3E8P
rhtC	2WLV
rhtB	
yigL	3PGV
yigM	
rmuC	
ubiE	5JGL
yigP	6H6P
ubiB	4PED
tatC	4B4A
tatD	2LUN
yigZ	1VI7
hemG	
wzxE	
pdxH	1T9M
mliC	3F6Z
csgA	6G8E
gadB	1PMO
dinF	5C6O
qor	1IZ0
pabC	1NMR
yceG	4IIW
hdeD	
prfH	
prmA	2NXJ
yhdJ	
yhbE	
holB	1A5T
adiA	5XX1
rcsF	2Y1B
yaeB	1XQB
metQ	6OJA
holE	5HYI
ftsH	3KDS
rlmE	
sra	3Q0B
htgA	
ppk	1XDP
mog	3CSP
yaaH	4S3K
gltF	
yhcA	
ycgB	
glpX	3BIH
nikR	3OD2
yhhH	
ybfA	
ybfB	
ybfC	
ybfD	
yhhI	
ydcC	
narP	
fabI	5YCX
ftsN	6YN0
fadD	2BBZ
cfa	6NRV
menC	2PGE
ychH	
ibpA	4IRX
ibpB	4FEI
yidE	
yceH	5VYV
yfiC	
pyrH	2WEU
wrbA	1YDG
kup	6S3K
tesA	4JGG
hemE	4Y4S
gadE	1R9Q
flgL	5ZJ0
nadC	1QPO
rnt	2F96
lhr	7LHL
pepT	6JKD
hypF	1GXU
hydN	
glmM	7OML
stpA	2LRX
yaaJ	7CPH
talB	4S2C
caiD	
caiC	
caiB	1XK7
caiA	6V45
caiT	4M8J
fixA	7AHV
fixB	1EFV
fixC	7KOE
fixX	7KOE
yaaU	
kefF	3EYW
lptD	4N4R
djlA	2JXU
yabI	
thiQ	6HX8
thiP	7QND
tbpA	3V8U
leuD	3VBA
leuC	3H5J
leuB	6XXY
greB	2P4V
ybiA	2B3W
ybiB	4MUO
ybiC	2G8Y
gcl	6N9Q
thiC	4N7Q
thiE	3O63
thiF	1ZUD
thiG	5Z9Y
thiH	7PD2
lipB	5X7K
ybeD	1RWU
ybeF	
moaA	1TV7
moaB	1R2K
moaD	1V8C
moaE	3BII
marB	2B34
sseA	6UG9
sseB	
glnE	1V4A
ygiF	5A60
smf	1N9S
smg	3ZHE
kch	6DXS
yciI	4LBH
clsA	
evgA	3F6C
evgS	5F64
ychG_2	
proP	1R48
eptA	5FGN
basS	1S6W
basR	4S05
sugE	5VJB
baeS	5WVN
baeR	4B09
mfd	6M6B
rnb	2IX0
metN	2QRR
mdlB	5XK2
sdaB	5SV3
artP	3C4J
artI	4YMX
artQ	4YMX
artM	4YMW
artJ	3N26
potF	1A99
potG	
potH	2LAM
potI	7OPO
nohA	2FC2
nohB	
ydeA	3F5D
marC	6FW2
eamA	5I20
ydeE	
ydeH	4H54
ydeI	1NNX
ydeJ	5V01
psuK	7VTD
accA	4RA1
dkgB	3UP8
yafC	
yafD	7BOA
yafE	
degS	3LGI
cyaY	1SOY
fliG	3AJC
fliH	5B0O
ybbA	
uidB	6ZMY
yedD	4HWM
yedE	6LEP
yedF	1JE3
yedK	6KCQ
slyD	2KFW
slyX	3EFG
bacA	2N3D
moaC	4PYA
atoS	
atoC	6LUF
atoD	5DBN
atoA	2OAS
atoE	
atoB	4WYS
folB	1Z9W
ygiH	5XJ9
panB	1M3U
hslV	4G4E
modF	
yadC	
aas	2IUW
lptB	7EFO
hpf	5NKO
ptsN	4GQX
yicG	
yicH	
yicI	1XSK
yicJ	
setC	
yicL	
nepI	
yicN	
yicO	
ade	1SER
emrD	2GFP
yidF	
yidG	
yidH	
yidI	7JTL
galM	4BZG
gpmA	4EMB
pnuC	4QTN
udk	7NHH
nudC	3QOR
acrA	2F1M
acrB	1IWG
yidJ	2QZU
yidK	
yidL	
glvG	1U8X
glvB	
glvC	
yidP	
yidQ	
yidR	
cbrA	5A1Q
yidX	
mdtL	
yidZ	3OXN
yieE	
yieF	3SVL
purP	2R87
yieH	
cbrB	
cbrC	
yieK	
yieL	
viaA	7YZV
ravA	6Q7L
hsrA	
yieP	
phoH	3B85
efeB	3O72
gmhB	3L8G
metI	3DHW
rsd	2P7V
nfrB	5HTL
nfrA	2VR0
envR	3EUP
yddA	6TQF
yddB	6OFR
pqqL	6OFS
panC	2EJC
panD	4CS0
yadD	
yadE	
yhgA	
otsA	5K5C
otsB	6RCZ
chaA	4KJR
setA	7BWK
tsaE	6S84
yjeF	1JZT
yciK	3F1L
ydcD	
pptA	6RN5
yibF	3R2Q
yibG	
yibH	
yibI	
yibJ	
yhhJ	
ybbB	
ybbC	
ybbD	3BMX
nuoM	3M9C
nuoF	6R7P
ybfE	
ybfF	3BF8
ybfG	
ybfH	
trmI	5C1I
ydeK	
nrfA	3L1T
smpB	1K8H
intA	
grcA	6OWR
yfiE	
yfiF	
gmd	2PK3
fcl	2ABK
gmm	2I8U
wcaI	6X1J
cmtB	2OQ3
cmtA	
ygdD	
rlmM	4B17
gcvA	
lplA	2ARS
talA	3IGX
hofC	
hybA	6EN9
hybB	6EN9
hybC	6EN9
hybD	1CFZ
hybE	2KC5
hybF	6G81
hybG	
yebE	
yebF	2LQV
yebG	3ERM
purT	6KHR
gcvP	4LHD
aidB	3U33
yjfC	
torA	1N1C
torC	1MAG
ispF	5IWY
surE	1J9J
purU	3W7B
yceI	1Y0G
amtB	2NUU
puuB	
amiA	4KNK
yghB	
yddE	1QYA
etk	3CIO
rpiB	1NN4
mobB	1NP6
mobA	1FR9
yihD	2KO6
rdoA	1ZYL
yihF	
yihG	
yihI	
hemN	1OLT
typA	4ZCK
yihL	
yihM	
yihN	
yihO	
yihP	
yihQ	5AEG
yihR	
yihS	2RGK
yihT	1TO3
yihU	6SMZ
yihV	7AGK
yihW	
yihX	2B0C
yihY	
dtd	3KNP
yiiD	1T82
yiiE	
yiiF	2K5J
fdoI	
fdoH	
fdoG	
fdhD	4PDE
yiiG	
frvR	
frvX	1XFO
frvB	
frvA	
rhaM	7BYW
rhaD	
rhaA	3P14
rhaB	2OKX
kdgT	
yiiM	5YHI
gph	2HSZ
fieF	2QFI
yiiQ	
yiiR	
yiiS	2K3I
uspD	6KQV
zapB	2JEE
rraA	1Q5X
menA	2IYB
hslU	1E94
yiiX	2IF6
tehA	4YCR
tehB	3M70
mdoG	1TXK
mdoH	
trxC	2L59
trmL	4JAL
dctR	
slp	2D0N
yeeA	
sbmC	1JYH
dacD	6OSU
yeeD	
yeeE	6LEP
plaP	1ZEF
rpoE	1GO3
recT	2RPH
lar	6TPV
rcbA	
yijE	
yijF	
gldA	5ZXL
fsaB	
ptsA	5WOY
frwC	
frwB	
pflD	2F3O
pflC	
frwD	4TN5
yijO	
eptC	6A82
nfi	1J1L
yjaG	
yjaH	
zraP	3LAY
yjbB	
pepE	6IRU
rluF	2GML
pagB	2RII
yjbE	
yjbF	2IN5
yjbG	
yjbH	6GHO
yjbI	1UX8
yjbJ	1RYK
zur	4MTE
yjbL	
yjbM	5F2V
dusA	5I4N
pspG	6LZY
aphA	1YG2
yjbQ	1VMH
yjbR	2FKI
yjcB	
yjcC	
yjcD	
yjcE	
yjcF	1Q2Y
actP	2NYI
yjcH	
nrfB	2P0B
nrfC	2VPX
nrfD	6F0K
nrfE	2E2E
nrfF	2KW0
nrfG	2E2E
yjcO	3RJV
mdtP	
mdtO	
mdtN	
yjcS	1Q8B
alsK	3HTV
alsE	3CTL
alsC	
alsA	2FEP
lldP	
lldR	2DI3
lldD	2DI3
yibL	2LF0
mtlR	3C8G
adiY	
flgK	4UT1
zntR	1Q0A
yhdN	1PZ1
nupC	4PD6
htrE	
yadV	5GHU
fimI	1ULP
fliP	5H72
fliQ	6F2D
fliR	6F2D
rfbA	4ECM
rfbC	3RYK
rfbX	
glf	5F3R
wbbH	
wbbI	
wbbJ	
wbbK	
wbbL_1	
yehA	
yehB	
yehC	
yehD	
yehE	
molR_1	
yehI	
yehL	
yehM	
yehP	
yehQ	
yehR	2JOE
yehS	
yehT	
yehU	1Y0N
mlrA	
yehW	
yehX	
yehY	
osmF	4WEP
bglX	6R5V
pbpG	
yohC	
yohD	
yohF	6WON
mdtQ	
yohH	
dusC	3W9Z
yohJ	
yohK	
sanA	6IM8
yeiG	
yeiH	
yeiI	
nupX	
rihB	3B9X
yeiL	
psuT	
psuG	1VKM
setB	
yeiP	1YBY
yeiQ	
yejA	7ATR
yejB	
yejE	
yejF	
yejG	6BI6
yejL	2JRX
rsuA	1KSK
yejH	6JDE
yejK	
yejM	6VAT
yejO	
ccmH	2HL7
ccmG	2G0F
ccmF	6ZMQ
ccmE	1SR3
ccmC	
ccmB	
ccmA	5J1M
napC	2VR0
napB	1JNI
napH	2W8L
napG	
napA	2NYA
napF	
mqo	5Z9C
yojI	
apbE	3PND
nikA	1UIV
nikB	
nikC	
nikD	3HZL
nikE	7EEJ
recX	3C1D
ppdA	4LX5
nuoA	3M9C
nuoB	7AWT
nuoC	7AWT
nuoE	6R7P
nuoG	7AWT
nuoH	
nuoI	
nuoJ	3RKO
nuoK	3RKO
nuoL	3M9C
nuoN	3M9C
sgrR	
secG	3DIN
chpB	
yfiH	1Z9T
rluD	1QYU
efp	6RJI
tktB	
feoA	2LX9
feoB	2WJG
gapC_2	
yeiR	
yeiE	7ERQ
hofB	
ppdD	6GMS
norR	
ydcF	3CA8
nlpD	4BIN
alpA	1DTE
hofQ	2Y3M
prfC	7SIQ
yjjG	3QNM
acrR	6A4L
ompX	1Q9G
ychJ	2JQ5
rssA	
rssB	6Z4E
yggI	
lrhA	3ONM
hisJ	2M8C
hisQ	5LVI
treB	6R7Q
lgt	5AZC
uraA	5XLS
hscA	1U00
hscB	3BVO
iscA	1S98
ucpA	
rhtA	
mdtD	
nlpE	2Z4I
yaeF	3KW0
yfhG	
ydhB	
ydhC	
sdaC	
napD	2JSX
pgm	1ZOL
rapZ	5O5S
npr	5T17
galP	4B1Q
cobS	3M2R
cobT	1L5O
idnK	
narU	4IU9
sieB	
kilR	
rdgC	2OWY
yaiE	7EYK
eaeH	4E9L
gatR_2	
rsmB	2YXL
ytjC	
mukF	1T98
ycbC	
smtA	1JJD
brnQ	
ccmD	
yjjI	
hinT	3RHN
gspM	1UV7
yjdC	3D3K
cutA	6GDU
dipZ	2HYX
cspE	3I2Z
pagP	3GP6
grxD	
yajG	
ampG	
ptsP	5T1O
hemF	5EO6
eutR	
glnK	1GNK
nadK	6RR2
cbpA	2KQX
cbpM	2KQX
torD	1N1C
yccE	
seqA	1J3E
chbG	2I5I
yegD	
ygaC	2G7J
treR	4XXH
cspB	4I0W
cspC	6MW4
cspF	
rlmA	1P91
ybeM_1	
crcB	7TJ1
waaF	
panZ	4CS0
yhhL	
yhhM	3Q6C
yhhN	
zntA	1MWZ
tusA	3LVJ
yhhQ	6P78
yhhS	
yhhT	
acpT	
rbbA	
yhiI	
yhiJ	
yhiK	
yhiL	
yhiM	
yhiN	
pitA	7VCR
uspB	4MFI
dtpB	6YR4
rsmJ	2R6Z
rlmJ	7P9O
arsR	6J0E
arsB	3VS9
arsC	1RXI
yhiS_1	
mdtE	
mdtF	
gadW	
gadX	3MKL
yhjA	
treF	
yhjB	
yhjC	
yhjD	
yhjE	
yhjG	
yhjH	
kdgK	3LHX
yhjJ	
yhjK	3GYG
bcsC	6TZK
bcsZ	3QXF
bcsB	7L2Z
bcsA	4P02
bcsQ	6YAY
yhjR	6YB5
bcsE	6TJ0
bcsF	6TJ0
bcsG	6PD0
yhjV	
eptB	
yhjX	
yhjY	
yiaC	
yiaD	2K1S
ghrB	5UOG
yiaF	
wecH	
xylG	
xylH	6GHW
ysaA	
yiaJ	1YSQ
yiaK	1NXU
yiaL	1S4C
yiaM	
yiaN	
yiaO	
lyxK	
sgbH	3JR2
sgbU	
sgbE	
yiaT	
yiaU	
yiaV	
yiaW	
aldB	4BT7
yiaY	
grxC	2KLX
yibN	
gpmM	
envC	6TPI
yibQ	
rutR	4X1E
tmk	4HLD
ycfH	1YIX
sapD	2R0R
sapF	
yfhH	1SF9
yjtD	
pepB	6OAD
iscX	2BZT
coaE	6N39
zapD	5DKO
yacG	1LV3
yacH	6E9L
acnB	1L5J
cueO	5B7M
can	7DRU
yadG	
yadH	5ENV
yadI	
yfaD	
yadK	
yadL	
yadM	
yadN	
hrpB	6EUD
ligT	5LDI
clcA	6LSC
erpA	4BXM
yadS	
btuF	1N4D
cdaR	6SWI
yaeH	
yaeI	
yagA	1C53
yagB	2EA9
afuC	
rseA	1OR7
yjjJ	
yjjK	4FIN
pspF	4WHE
ydfG	3ASV
yecC	
ppiC	3GPK
arfB	7JT1
rtcR	
fadK	6BZ3
ssuB	
ybgD	
yfaE	
kduD	4ZA2
menF	2EUA
ygiL	
intB	2KJ9
prkB	
rsmE	4E8B
cusA	3K07
znuB	2PS9
ydjE	
intE	
nlpI	1XNF
ygdG	
ygdH	6GFM
yhfG	5JFZ
ycaI	
yfeH	
yecD	1J2R
yecE	
gntT	
nrdF	4BMT
ybcF	
rcsD	2KX7
csiR	7PDI
lhgO	6GPN
sfmF	
ydiE	4YNX
dauA	7RDF
ttdT	
msrB	3E0O
ybgE	
yegE	
ycbF	
dhaM	3CT6
mdtK	4KRA
rlmN	4PL2
chaB	1SG7
chaC	5HWK
ychN	1JX7
ychO	
ybiH	1T33
iaaA	3C17
aegA	
nudK	3O6Z
rfbD	1VL0
rfbB	6BI4
gatA	2KAE
gatB	2F2A
gatC	2KAL
gatD	1ZQ1
gatY	1GVF
ybiI	2KGO
ybiJ	
tauD	6EDH
prmC	1NV9
modA	3K6X
rhoL	
tomB	2MN2
puuR	
ydiF	2AHU
rluB	4LAB
ygiM	
rseP	3ID4
menE	5C5H
menH	4GEG
yjfF	
mpl	3HN7
yfjD	3HF7
yggL	
ycfJ	
eamB	
yfiL	
ybcH	
prmB	
norW	2QH1
ybaK	1DBX
lplT	
alsB	1NN4
adiC	3OB6
yjdL	
yjeM	
ulaB	4RP9
ulaC	4RP9
cycA	1FOC
ytfQ	2VK2
ytfR	
ytfT	
garD	6U7L
mgtA	3GWI
idnT	
yjhB	4J09
yjhF	
sgcA	
sgcC	4HX6
sgcX	
gntP	
mdtM	
yjjL	
mdoB	3LXQ
yjjX	1U5W
yacL	
fabF	4LS8
caiE	
rluA	2I82
yabP	2KYI
yabQ	
torR	1ZGZ
ybaL	3FWZ
yiaG	
dppB	
dppC	5FFT
dppD	4FWI
dppF	
gntK	1KOF
gntR	2HS5
gntU	
nudF	5C8L
cas3	4QQY
mdaB	2AMJ
ygiN	1TUV
qseC	3JZ3
gltJ	
gltK	4OEN
gltL	
lpxH	6PJ3
grxB	3IR4
yceK	
rarA	5YUF
yciM	4ZLH
ybdH	
nudL	5T3P
ttdR	
fldB	2MTB
ycaK	
yccJ	
yggM	
yggN	
ygbE	
ybcI	
yedI	
yedJ	3GW7
luxS	2FQT
yddG	5I20
dxr	4GAE
mug	1MWJ
ygjI	
sstT	
uxaA	3K3S
exuT	
exuR	
yhaO	
garP	3N1B
agaA	4FNU
kbaY	1GVF
agaB	4FNQ
agaC	6HY3
diaA	2YVA
yhbY	1LN4
mlaD	5UW8
mlaE	7CH7
mlaF	7CH0
yrbG	
ybaM	
yhdW	
yhdX	4OEN
yhdY	
yhdZ	
ybjC	
ybaN	
yefM	3CTO
cas2	5G4D
yfaL	
ybeL	
abgT	4R0C
ybgF	2XDJ
matP	4D8J
yfiM	
mdoD	1TXK
yebK	
yecF	
ydcH	
proQ	6S10
ampH	2P6Z
yciN	3M92
ycjF	
yajI	2JWY
ybhC	3GRH
tusE	2XSJ
ycfK	
zapA	4P1M
ybcJ	1P9K
yfiN	4IOB
yfaH	
gss	7MKH
pitB	7F7Y
yheS	
frlA	
feoC	4AWX
glk	1Q18
tynA	7F8K
xapB	
dsdC	
yqcE	
ybaE	2OBC
mngA	
mngB	2ZOS
cobU	1C9K
aqpZ	2ABM
emrY	
dctA	
dgoA	4QCC
dgoK	3R1X
dgoT	6E9O
glcB	1N8W
gpsA	3K96
hpt	6M7W
kefB	3C85
pta	6IOX
uxuB	
uxuR	
xylF	3HDL
xylR	4FE4
nrdE	4BMT
alaT	
alaU	
alaV	
alaW	
alaX	2E1B
argQ	
argU	
argV	
argW	
argX	3VPC
argY	
argZ	6JV1
asnT	
asnU	
asnV	
aspT	
aspU	
aspV	
ffs	2JUC
glnU	
glnV	4V7M
glnW	
glnX	6H2T
gltT	
gltU	
gltV	
gltW	
glyT	6YS3
glyU	
glyV	
glyW	
glyX	2WSK
glyY	
hisR	5ZL6
ileT	
ileU	
ileV	
ileX	4Z3P
leuP	4PVB
leuQ	
leuT	3GJD
leuU	
leuV	
leuW	
leuX	
leuZ	7OGK
lysT	6FHG
lysV	
lysW	5EIN
metT	
metU	
metV	
metY	6FZ0
metZ	6WEC
micF	7VWZ
pheU	
pheV	6QFY
proK	7SKX
proL	
proM	7A5M
rnpB	3Q1R
rrfA	
rrfB	
rrfC	3QW7
rrfD	
rrfE	
rrfG	
rrfH	
rrlA	
rrlB	
rrlC	
rrlD	
rrlE	
rrlG	
rrlH	
rrsA	
rrsB	
rrsC	
rrsD	
rrsE	
rrsG	
rrsH	
rrfF	
selC	3EAO
serT	6W2C
serU	
serV	6FPC
serW	
serX	
spf	1OLM
ssrS	
ssrA	1OX9
thrT	
thrU	4OQ6
thrV	
thrW	
trpT	
tyrT	
tyrU	
tyrV	
valT	
valU	
valV	
valW	
valX	
valY	
dicF	
oxyS	4QVD
metW	
rplU	7S9U
rpmA	1Y69
acpP	5VCB
rmf	4V8G
nfsB	3X22
eutB	3AO0
eutC	3AO0
cybC	4OR2
gadA	1XEY
frmA	5LCY
folP	8D5H
istR-2	2H6O
istR-1	7OSM
sgcB	
ymgF	
insA-4	1Z24
yafF	
ykfH	
ykgN	
ykgO	6I7V
ylcG	
rzoD	
ybdZ	5JA1
ybdD	
kdpF	7LC6
ybfQ	
ybgT	6RX4
ymdF	
ymgH	
ymjB	
ymjC	
ydaF	1NSL
rzoR	
ydbJ	
hicA	6G26
ynfO	
yniD	
yobH	
yecJ	
yoeF	
yehK	
yohO	
arnE	5HA1
ypdJ	
ypeB	5BOI
ypfN	
ypjJ	
arfA	2LCA
yheV	
ysaB	
yibT	
yicS	
yidD	
yifL	
yjdO	2LLZ
yjhX	
yjjZ	
ytjA	
yeiW	
ymiA	
yciX	
insEF-1	7OSM
insEF-5	2Z9Q
insEF-2	2H6O
insEF-3	2H6O
insEF-4	5T3X
insAB-1	7OSM
insAB-4	5T3X
insAB-2	2H6O
insAB-3	2H6O
insAB-5	2Z9Q
insAB-6	2H9S
insCD-1	7OSM
insCD-2	2H6O
insCD-3	2H6O
insCD-4	5T3X
insCD-5	2Z9Q
insCD-6	2H9S
yahH	
ylbE_1	
ybcD	
icdC	
yncK_2	
yncK_1	
ynfP	
rseX	
uof	
ykfM	
ylcH	
ylcI	
ybfK	4CCY
yccB	7OSE
ymgI	
ymgJ	
yciZ	
rydC	4V2S
ydgU	
ynhF	6RKO
yojO	
ypaB	
ohsC	
ryfD	
ygdT	
sibE	5NG7
yrhD	
yibV	
yjbT	
yjbS	1TYG
ytcA	
ryjB	
symR	
ythA	
sgrT	
insJK	
ibsE	
ibsD	
ibsC	
ibsB	
ibsA	
shoB	
ilvX	
yjeV	
yoeI	
yobI	6ULL
ymjD	
ynbG	
ypdK	
yoaJ	2BH0
yoaK	
yqeL	
yrbN	
yohP	
azuC	
ykgR	
yqcG	
yqfG	
yshB	
mgrR	
fnrS	6GAQ
mgtL	
arrS	7L22
sokX	
eyeA	
G0-10697	6Y5H
G0-10698	6Y5I
G0-10699	5A21
G0-10700	2HDQ
G0-10701	1QBH
G0-10702	2W0T
G0-10703	1DTP
G0-10704	6Y5V
G0-10705	2W0T
G0-10706	6Y6K
pmrR	
mntS	
iroK	
esrE	
nc1	1B9Q
agrA	4XYO
agrB	
ecnA	
glcF	7DKY
csrB	1T3O
sraA	2DJW
psrD	
rprA	6ZJ2
ryeA	
micA	6DDM
gcvB	
omrA	
psrO	
arcZ	
ryhB	
glmZ	5O5S
csrC	3F3W
ryjA	
rydB	
cyaR	5JL9
ryfA	
rybB	2YLC
rybA	
omrB	
sdsR	
sibA	4CGK
sibB	2Q5D
sibC	
yncL	
ypfM	
yciY	
yneM	5OQT
tpke11	
tp2	5V2O
tff	6I2O
C0067	
C0293	
C0299	
mcaS	
C0343	
micC	
C0362	
C0465	
isrB	
isrC	
tpke70	
C0614	
IS128	
glmY	5O5S
C0664	
C0719	
sibD	3ZXC
gadY	
ldrD	5LBJ
rdlD	
ydaE	2Y0O
yoeB	7CUA
sroA	
micM	
sroC	
sroD	
sroE	
sroG	
sroH	
pdxB	5DT9
yjdP	
blr	4I3D
ecnB	
hokC	
sokC	
hokE	5J7K
ldrA	
rdlA	
ldrB	
rdlB	
ldrC	
rdlC	
rttR	1KGJ
hokB	
sokB	
hokA	
torI	1Z4H
gnsA	4XO2
sgrS	
tisB	
dinQ	
thiS	1ZUD
yajL	2AB0
sapC	4HNU
sapB	4V2O
sapA	7OG0
flgA	3VKI
flgB	7CG0
flgC	7CG0
fadH	3HWC
flgD	4ZZK
flgE	5JXL
flgF	7CBM
flgG	6JF2
flgH	7CBL
flgI	7CBL
flgJ	5DN5
flgM	1RP3
flhA	7CTN
yaeP	5H1N
fliI	2DPY
fliJ	3AJW
fliK	2RRL
nanT	
bglA	4IPN
maa	5HPP
ldhA	4ZVV
yaaX	
yaaW	
insL-1	7OSM
insB-1	6T3S
insA-1	1Z24
yaaY	
caiF	4KT5
ispU	6SZH
bamA	4PK1
ldcC	5FKZ
yaeR	
tilS	1NI5
rof	1SG5
yaeQ	2G3W
gloB	6S0I
yafS	
yafT	
yafU	
yafV	
ivy	1GPQ
fadE	5I3B
lpcA	3TRJ
yafJ	1TE5
yafK	
yafQ	4MMJ
dinJ	4ML0
yafL	
rayT	4ER8
lfhA	
lafU	
dinB	2F22
yafN	
yafO	
yafP	
ykfJ	
ykfI	
yafW	
ykfG	
yafX	
ykfF	2HJJ
ykfB	1JPM
yafY	
yafZ	
ykfA	
perR	5NL9
insN-1	7OSM
insI-1	7OSM
insO-1	7OSM
ykfC	3H41
insH-1	7OSM
mmuP	
mmuM	5DML
afuB	
insB-2	6T3S
insA-2	1Z24
yagE	3NEV
yagF	
yagG	
yagH	
yagI	3WHJ
insA-3	1Z24
yagJ	
yagK	
yagL	
yagM	
yagN	
intF	
yagP	
paoD	
paoC	5G5H
paoB	5G5H
paoA	5G5H
yagU	
ykgJ	
ecpE	
ecpD	3QS3
ecpC	
ecpB	5DFK
ecpA	3QS2
ecpR	
ykgL	
ykgM	6I7V
insE-1	7OSM
insF-1	3SFM
ykgA	
ykgB	
ykgI	
ykgC	
ykgD	
ykgE	
ykgF	
ykgG	2G40
ykgH	
yahB	
yahC	
yahD	3OG9
yahE	
yahF	
yahG	
yahI	
yahJ	
yahK	1UUF
yahL	
yahM	
yahN	
yahO	2MA4
prpR	2PJU
prpB	1UJQ
prpC	1TQC
prpD	6S62
prpE	5XZD
mhpR	
mhpE	4JN6
mhpT	
yaiL	
frmB	7L0A
frmR	5LCY
yaiO	
yaiX	
insC-1	4A1S
insD-1	7OSM
yaiF	
yaiP	
yaiS	
tauA	6STL
tauB	2J04
tauC	4IQJ
yaiT	
insE-2	2H6O
yaiU	
yaiV	
yaiW	
yaiY	
yaiZ	
yaiI	
ykiA	
proY	
thiL	3C9U
yajO	
dxs	6XXG
thiI	2ZY6
panE	1KS9
yajQ	1IN0
yajR	3WDO
ppiD	2KGJ
ybaV	
fadM	1NJK
queC	3BL5
cof	2B30
ybaO	
mdlA	5CH8
ybaY	
atl	1GV6
ylaB	
ylaC	
mscK	3HZQ
fsr	7NP8
ybaP	
ybaQ	2EBY
copA	4WLS
ybaS	1U60
ybaT	
cueR	1Q07
ybbJ	
qmcA	
ybbL	6JHE
ybbM	5WUR
ybbN	3QOU
ybbO	
ybbP	7OLH
ylbH	
ylbG	
allS	
allA	1YQC
allR	1TF1
hyi	2FQO
glxR	4CYD
ybbW	
allB	3HM7
ybbY	
glxK	1TO6
allE	1SEF
allC	2IMO
allD	4FJS
fdrA	3DMY
ylbE_2	
ylbF	6PRK
sfmA	
sfmC	
sfmD	6VE0
sfmH	
ybcC	
insE-3	2H6O
renD	
ybcK	
ybcL	1FUX
ybcM	
ybcN	
ninE	317D
ybcO	3G27
rusA	2H8E
ybcQ	6EFN
insH-2	2H6O
essD	
rrrD	4ZPU
rzpD	
borD	
ybcV	
ybcW	
tfaD	
ybcY	
tfaX	
cusS	5KU5
cusR	5KU5
cusC	4K34
cusF	3E6Z
cusB	3OW7
ybdG	
ybdF	
ybdJ	
ybdK	1R8G
insL-2	2H6O
ybdL	1U08
ybdM	
ybdN	
ybdO	
dsbG	1V58
uspG	
ybdR	
rnk	3BMB
citT	6WU4
citG	3H9P
citX	7DCM
citF	1XR4
citE	1U5H
citD	
citC	1HQS
dpiB	
dpiA	
dcuC	
ybeM_2	
cobC	3HJG
nadD	3HFJ
ybeQ	
ybeR	
djlB	
ybeT	
ybeU	
djlC	
hscC	
rihA	4WR2
gltI	2V25
insH-3	2H6O
ybeX	5YZ2
ybeY	1XM5
ybeZ	
miaB	7MJZ
ubiF	4N9X
chiP	6QF3
ybfN	
ybfP	
ybfO	
ybfL	
dtpD	4Q65
ybgI	1NMP
ybgJ	1MKI
ybgK	5DUD
ybgL	1XW8
nei	1Q39
abrB	1YFB
ybgO	
ybgP	
ybgQ	
valZ	
lysY	5EIN
lysZ	3WWM
lysQ	
zitB	
ybgS	
modE	1B9M
acrZ	6SGS
pgl	5CV3
ybhD	
ybhH	6OTV
ybhI	
ybhJ	
ybhK	
ybhL	
ybhM	
ybhN	
clsB	
ybhP	
ybhQ	
ybhR	
ybhS	
ybhF	
ybhG	
ybiX	
fiu	6BPO
mcbA	6SQ8
rlmF	6M1U
ybiO	7A46
ybiP	
mntR	2HYG
ybiR	
ybiS	3ZG4
ybiT	
ybiU	2DBN
ybiV	1RLO
ybiW	
ybiY	
fsaA	5ZOL
gsiA	
gsiB	5U4O
gsiC	2VLG
gsiD	
yliE	
yliF	
rimO	2QGQ
bssR	
yliI	2G8S
gstB	4KE3
ybjG	
mdfA	6OOQ
ybjH	
ybjI	
ybjJ	
rcdA	7ACM
ybjL	
ybjM	
ybjN	5FRK
ybjO	
rlmC	7EYM
ybjP	
ybjQ	1Y2I
amiD	3D2Z
ybjS	
ybjT	
ltaE	4LNM
hcr	3FUQ
hcp	7DE4
ybjE	
ybjD	
ybjX	
macA	3FPP
macB	3FTJ
clpS	3O2O
ftsK	2VE8
lolA	2ZPD
ycaM	2LHH
ycaN	
ycaO	4Q84
ycaP	
ycaL	
ycaQ	
ycaR	
ycbJ	
ycbK	
ycbL	2XF4
ssuC	
ssuD	1M41
ssuA	3KSX
ssuE	6DQI
elfA	
elfD	
elfC	
elfG	
ycbU	
ycbV	
zapC	5FO3
ycbX	
rlmL	3V8V
uup	2LW1
pqiA	
pqiB	5UVN
ymbA	6OSX
ycbZ	7CPJ
sxy	2OD0
yccS	1JK9
yccF	
mgsA	3PVS
yccT	
yccU	
hspQ	5YCQ
rlmI	3C0K
yccX	7CHX
etp	7BR0
gfcE	
gfcD	
gfcC	3P42
gfcB	2IN5
gfcA	
insB-4	6T3K
cspH	
cspG	2WAU
ymcE	4XO2
yccM	
torS	3I9W
torT	3O1I
rutG	3V48
rutF	
rutE	6GMP
rutD	3V48
rutC	3V4D
rutB	6KUA
rutA	6SGN
efeU_1	
efeO	5TW9
pgaD	
pgaC	
pgaB	6AU1
pgaA	4Y25
ycdT	
insE-4	5T3X
ymdE	
ycdU	
ghrA	5UOG
ycdX	1PB0
ycdY	
ycdZ	
csgG	7BRM
csgF	5M1U
csgE	2NA4
csgD	5XP0
csgB	7BRM
csgC	2XSK
ymdA	
ymdB	4B2O
clsC	
mdoC	
yceJ	
yceO	
solA	1EA4
bssS	
dinI	1GHH
mdtH	
yceM	1TLT
murJ	5T77
flgN	5B3D
yceQ	
ycfL	4GIO
lpoB	2MII
thiK	1ESJ
nagZ	5UTR
ycfP	
comR	5FD4
bhsA	4EVU
ycfS	3ZG4
ycfT	
lolC	6F3Z
lolD	7MDY
lolE	7MDY
nagK	2XBP
cobB	1S5P
ycfZ	
ymfA	
nudJ	3SHD
rluE	2OML
ymfD	
ymfE	
xisE	
ymfH	
ymfI	
ymfJ	3D0W
ymfK	
ymfT	
ymfL	
ymfM	3FYM
ymfN	
ymfR	
ymfO	
ymfP	
ymfQ	
ymfS	
stfE	
iraM	2NYE
ycgX	
bluR	2J5B
bluF	1X0P
ycgZ	
ymgA	
ariR	2OXL
ymgC	
ycgG	
ycgH_1	
ycgH_2	
ymgD	2LRM
ymgG	
ycgI	
ycgJ	2GLU
pliG	4DZG
ycgL	2H7A
ycgM	1NR9
ycgN	
hlyE	1QOY
cvrA	
ldcA	3G23
emtA	2Y8P
ycgR	5Y6H
ymgE	
ycgY	
dhaL	2BTD
dhaK	3PNQ
dhaR	4LRZ
ycgV	
ychQ	
ychS	
ychG_1	
yciU	
yciV	
yciO	1KK9
yciQ	
yciS	
yciT	
gmr	6DGJ
yciW	
ycjD	
ymjA	
puuP	
puuA	
puuD	6VTV
puuE	3CL8
ycjM	
ycjN	
ycjO	
ycjP	
ycjQ	
ycjR	6WN6
ycjS	
ycjT	
ycjU	4G9B
ycjV	
ompG	2X9K
ycjW	
ycjX	6NZ6
tpx	3HVX
ycjG	1JPD
mpaA	5HXD
ycjY	5XB6
pgrR	
mppA	3O9P
ynaI	6ZYE
insH-4	5T3X
ynaJ	
abgB	
abgA	3IO1
abgR	
smrA	3QD7
ydaM	
ydaN	5N9Y
ttcA	3VRH
intR	
ydaQ	
ydaG	
racR	
ydaS	5W8Y
ydaT	3C4R
ydaU	
ydaV	
ydaW	
rzpR	
ynaK	
ydaY	
ynaA	
lomR_1	
insH-5	2Z9Q
lomR_2	
stfR	3KAS
tfaR	
pinR	
ynaE	
uspF	4R2M
ompN	6V78
ydbK	
hslJ	2KTS
ydbH	
ynbE	
ydbL	1U08
feaR	2LWC
paaZ	6JQO
paaA	3PWQ
paaB	3EGR
paaC	1OTK
paaD	2CU6
paaE	4IIT
paaF	4FZW
paaG	3HRX
paaH	3MOG
paaI	1PSU
paaJ	
paaK	6SIW
paaX	3L09
paaY	
ydbA_1	
insC-2	4A1S
insI-2	2H6O
ynbA	
ynbB	3HVY
ynbC	
ynbD	
azoR	2Z9D
hrpA	7AKP
mokB	
ydcI	
ydcJ	2RJB
ydcK	2F9C
ydcL	
ydcM	
ydcO	
ydcN	
ydcP	2K5D
yncJ	
hicB	6G1C
ydcR	
ydcS	6NLP
ydcT	
ydcU	
ydcV	
patD	1WND
ydcX	
ydcY	
ydcZ	
mnaT	2IJA
curA	2LIW
mcbR	4P9F
yncD	6V81
yncE	3VGZ
ansP	
yncG	1ROQ
yncH	
yncI	
yncM	4HFS
yddH	
nhoA	1E2T
yddJ	
yddK	
yddL	4I1A
yddM	2ICP
adhP	4GKV
bdm	1DIU
ddpF	
ddpD	
ddpC	
ddpB	
ddpA	6TFX
ddpX	
dosP	4HU4
dosC	4ZVH
yddW	
gadC	4DJK
ydeM	
ydeN	1UXO
ydeO	
safA	3CRF
ydeP	
ydeQ	6MAW
ydeR	
ydeS	
ydeT	
yneL	
ydeU	
lsrK	5YA2
lsrR	4L5J
lsrA	
lsrC	
lsrD	
lsrB	6DSP
lsrF	4P2V
lsrG	3QMQ
tam	1FJ5
yneE	6IVP
yneF	
yneG	
yneH	3BRM
sad	4OCB
yneJ	5TPI
yneK	
ydfH	
ydfZ	
ydfI	4IM7
ydfJ	
ydfK	
pinQ	
tfaQ	
ydfN	3BEM
ydfO	2HH8
gnsB	
ynfN	
cspI	
ydfP	
rrrQ	
ydfR	
essQ	
ydfT	
ydfU	
ydfV	
flxA	
ydfW	
ydfX	
insD	
intQ	
rspB	4ILK
rspA	4IL2
ynfA	
ynfB	
speG	6CY6
ynfC	
ynfD	
ynfE	
ynfF	3KL5
ynfG	
ynfH	
dmsD	1S9U
clcB	6E5N
ynfK	
mlc	1Z6R
ynfL	
ynfM	
asr	6SZI
ydgD	7UXG
mdtI	
mdtJ	
tqsA	7NB6
ydgH	4EVU
ydgI	
folM	5BT9
ydgC	
rstA	2MLK
ydgA	
uidC	
uidR	6AYI
ydgJ	
cnu	2JQT
ydgK	1NI7
rsxA	
rsxB	
rsxC	
rsxD	
rsxG	3DCZ
rsxE	
tppB	6GS7
gstA	1A0F
pdxY	1TD2
anmK	3QBX
slyB	5KI0
slyA	3QPT
ydhI	
ydhJ	
ydhK	4FIB
sodC	7SBH
ydhF	1UR3
ydhL	
nemR	4YZE
nemA	
gloA	3GM5
ydhO	
ydhP	
ydhQ	
ydhR	2ASY
ydhS	
ydhT	3CBW
ydhU	
ydhX	
ydhW	
ydhV	
ydhY	
ydhZ	
ynhG	3ZG4
sufE	1MZG
sufS	7E6F
sufD	2ZU0
sufC	2ZU0
sufB	5AWG
ydiH	
menI	6XPN
ydiJ	
ydiK	7OT9
ydiL	1S4K
ydiM	
ydiN	
ydiO	
ydiP	
ydiQ	
ydiR	
ydiS	
ydiT	
ydiU	6LNA
ydiV	4ES4
arpB_1	
arpB_2	
ydiY	
ydiZ	
yniA	
yniB	
yniC	1TE2
ydjM	
ydjN	
ydjO	
cedA	2BN8
cho	1C9W
ves	2ATM
spy	3OEO
astE	2BCO
astB	1YNI
astD	4KNA
astA	1YLE
astC	4ADE
ydjX	
ydjY	
ydjZ	
ynjA	
ynjB	
ynjC	
ynjD	
ynjE	2WLX
ynjF	
nudG	2RRK
ynjH	
ynjI	
ydjF	
ydjG	
ydjH	3IN1
ydjI	6OFU
ydjJ	5VM2
ydjK	
ydjL	6IE0
yeaC	
yeaD	2HTB
yeaE	
mipA	3VMA
yeaG	
yeaH	7K3C
yeaI	
yeaJ	
yeaK	
yoaI	
yeaL	
yeaM	
yeaN	
yeaO	
yoaF	
yeaP	7KQE
yeaQ	
yoaG	1NEI
yeaR	3BB6
leuE	
dmlR	
dmlA	
yeaV	
yeaW	
yeaX	
yeaY	
tsaB	6S84
yoaA	
yoaB	3GTZ
yoaC	2ES9
yoaH	
yoaD	
yoaE	
yobD	
mntP	6CC3
yobF	
yebO	
mgrB	
kdgR	1YSP
yebQ	
msrC	
yebS	
yebT	6KZ4
rsmF	3M6X
yebV	
yebW	
pphA	2J86
yebY	7N0J
yebZ	7N0J
yobA	4QY7
yobB	
exoX	4FZZ
znuA	2PS9
znuC	
yecN	
cmoA	4IWN
cmoB	7CTA
torZ	7L5S
torY	2GV9
cutC	1TWD
yecM	1K4N
yecT	
flhE	4QXL
flhB	6Z0W
insA-5	1Z24
uspC	5K2Y
ftnB	
yecR	7BGL
yecH	
yecS	
dcyD	2JCS
fliY	5XRW
yedL	
yedN_2	
yedN_1	
yedM	
intG	
dsrB	2V4J
yodD	
dsrA	5WQ1
yedP	1XVI
yedQ	
yodC	
yedR	
yedS_1	
yedS_2	
yedS_3	
hchA	5XR3
yedV	
yedW	
yedX	2IGL
yedY	1XDY
yedZ	1XDY
zinT	5AQ6
yodB	5HS9
mtfA	3KHI
yeeJ	
yeeL_2	
yeeL_1	
shiA	6P9P
yeeN	4PJ6
asnW	
yeeO	
cbl	3VRQ
nac	1UT7
erfK	3ZG4
insH-6	2H9S
yoeA	
insC-3	4A1S
yoeE	
yeeP	
flu	2DPZ
yeeR	
yeeS	
yeeT	
cbeA	2JN7
cbtA	
yeeW	
yeeX	
yeeY	
yeeZ	
wzzB	4WL1
ugd	2Y0D
insH-7	4NFP
galF	4XAD
wcaM	
wcaL	
wcaK	
wzxC	
wcaJ	
wcaF	
wcaE	
wcaD	
wcaC	
wcaB	
wcaA	
wzc	7NII
wzb	2FEK
wza	2J58
yegH	
yegI	
yegJ	
yegK	
yegL	
mdtA	6TGE
mdtB	
mdtC	
yegP	2K8E
yegQ	
ogrK	
yegZ	
yegR	
yegS	2P1R
insE-5	2Z9Q
gatZ	2FIQ
fbaB	4P2V
yegT	
yegU	
yegV	
yegW	
yegX	
thiD	3RM5
rcnR	5LCY
rcnA	
rcnB	2L1S
yeiS	
preT	6KI3
lpxT	
spr	2K1G
rtn	2JV5
insH-8	1N2W
yfaP	
yfaQ	
yfaS_2	
yfaS_1	
yfaT	
yfaU	2VWT
yfaV	
yfaW	3D47
yfaX	
yfaY	
yfaZ	
nudI	6DT3
ais	5IRI
arnB	1MDO
arnC	
arnA	4WKG
arnD	
arnT	5SY7
arnF	
pmrD	2RQX
elaB	
elaA	5Z6N
rbn	6V3W
elaD	7NBN
yfbK	
yfbL	
yfbM	1RYL
yfbN	
yfbO	
yfbP	
alaA	4CVQ
yfbR	2PAQ
yfbS	
yfbT	
yfbU	4LR3
yfbV	
yfcC	
yfcD	2FKB
yfcE	1SU1
yfcF	3BBY
yfcG	3GX0
folX	4AEY
yfcH	
yfcI	
yfcJ	
mnmC	3AWI
yfcL	
epmC	3WTR
smrB	7QGN
yfcO	
yfcP	
yfcQ	
yfcR	
yfcS	
yfcT	
yfcU	
yfcV	
sixA	1UJC
fadJ	6YSV
fadI	
yfcZ	
yfdF	
mlaA	5NUQ
yfdC	
intS	2KJ8
yfdG	
yfdH	
yfdI	
tfaS	
yfdK	
yfdL	
yfdM	
yfdN	
yfdO	
yfdP	
yfdQ	
yfdR	2PAQ
yfdS	
yfdT	
emrK	
yfdE	4HL6
yfdV	
oxc	7AYG
frc	2VJQ
yfdX	6A02
ypdI	
yfdY	
lpxP	
alaC	3C1P
ypdA	7A7B
ypdB	
ypdC	
fryA	
ypdE	1YLO
ypdF	5CNX
fryC	
fryB	2KYR
yfeO	
ypeC	
mntH	6D91
insL-3	2H6O
yfeN	
yfeR	
zipA	1F7X
pdxK	1YHJ
yfeK	
yfeS	
murR	7EN6
murQ	4M0D
murP	7EN6
yfeW	
yfeX	5GT2
yfeY	2QZB
yfeZ	
ypeA	4QVT
eutK	3I71
eutL	4TME
intZ	
yffL	
yffM	
yffN	
yffO	
yffP	
yffQ	
yffR	
yffS	
eutA	
eutH	
eutG	
eutJ	3H1Q
eutE	6TWM
eutN	2HD3
eutM	3MPY
eutD	6TWK
eutT	4HUT
eutQ	2PYT
eutP	6WW6
eutS	3IA0
maeB	6ZNU
ypfG	
ypfH	
tmcA	2ZPA
ypfJ	
hyfC	
hyfD	
hyfE	
hyfF	
hyfG	
hyfH	
hyfI	
hyfJ	
hyfR	
focB	3M8J
yfgO	
yfgC	6AIT
yfgD	3RDW
hda	3BOS
yfgF	
yfgG	
yfgH	
yfgI	
yfgJ	2JNE
der	3F5V
bamB	4HDJ
yfgM	
pbpC	7BN9
yfhM	4RTD
iscU	2Z7E
iscS	3LVM
iscR	4HF2
trmJ	5GMC
yfhR	
csiE	
hcaT	
hcaR	5DQR
hcaC	
hcaB	
hcaD	
yphA	
yphB	3NRE
yphC	2HJG
yphD	
yphE	
yphF	
yphG	
yphH	
glrK	
yfhL	2ZVS
rseC	
rseB	2P4B
yfiP	
pka	4ZP3
bamD	5WAQ
yfiR	4YNA
ypjD	2GTA
ratB	
ratA	
yfjH	
yfjI	
yfjJ	
yfjK	
yfjL	
yfjM	
rnlA	4I8O
rnlB	6Y2P
yfjP	
yfjQ	
yfjR	4OQZ
ypjK	
yfjS	
yfjT	
yfjU	
ypjM_3	
ypjM_2	
ypjM_1	
yfjW	
yfjX	
yfjY	
yfjZ	2JN7
ypjF	6F2C
ypjA	
pinH	
ypjB	
ypjC	
ileY	2V35
ygaQ_1	
ygaQ_2	
ygaQ_3	
ygaQ_4	
csiD	6GPN
ygaU	7PVC
yqaE	
ygaV	3CUO
ygaP	2MPN
alaE	
ygaM	
nrdH	4F2I
nrdI	2XOE
ygaX	
ygaY	
ygaZ	
ygaH	
yqaA	
yqaB	
pncC	6LO0
mltB	1QUS
norV	2MS3
hycI	2I8L
pphB	
ygbI	
ygbJ	3G0O
ygbK	3DQQ
ygbL	6VOP
ygbM	1K77
ygbN	
truD	1SI7
ispD	5DDV
ftsB	6H9N
cas1	4P6I
casE	2O82
casD	4U7U
casC	4U7U
casB	4H7A
casA	4F3E
queD	5FLI
ygcN	
ygcO	
ygcP	
ygcQ	
ygcR	
ygcS	
ygcU	3D2N
ygcW	
ygcE	
queE	4NJK
ygcG	
gudD	1BQG
gudX	4IL0
gudP	
yqcA	2M6R
truC	
yqcC	2HGK
syd	3FFV
queF	5K0P
ygdI	2RA2
csdA	4LW4
csdE	5EEP
tcdA	4DMV
mltA	2PJJ
amiC	4BIN
rppH	6VCR
ygdQ	
ygdR	2JN0
tas	1LQA
kduI	7E4S
yqeF	
yqeG	
yqeH	3EC1
yqeI	
yqeJ	1KAQ
yqeK	
ygeF	
ygeG	
ygeH	
ygeI	
pbl	4MQ0
ygeK	
ygeL	
ygeM	
ygeN	
ygeO	
insC-4	4A1S
ygeP	
ygeQ	
ygeR	
xdhA	2W3R
xdhB	2W3R
xdhC	2WE7
ygeV	
ygeW	3Q98
ygeX	4D9M
ygeY	
hyuA	6YRA
yqeA	
yqeB	
yqeC	4E21
mocA	3I23
ygfK	
ssnA	3OWG
ygfM	
xdhD	
xanQ	
guaD	2UZ9
ygfQ	
ygfS	
ygfT	
uacT	
idi	4N02
cptA	2N5C
cptB	6C12
ygfZ	1NRK
yqfA	
yqfB	1TE7
ygfF	
yqfE	
scpB	3W6K
scpC	5XYR
ygfI	
yggP	
yqgB	
yqgC	
yqgD	2RCV
yqgE	
yqgF	1NU0
yggR	6GEB
yggS	1W8G
yggT	
yggU	1YH5
rdgB	2PYU
yggW	
yggX	1YHD
mltC	4C5F
yqgA	
yghD	
yghE	
yghF	
yghG	5ZDH
pppA	6JKV
yghJ	
glcA	3VO0
glcG	2A2L
glcE	2YVS
glcD	
glcC	4CLC
yghO	
insH-9	6GN4
yghQ	
yghR	
yghS	
yghT	
yghU	3C8E
hybO	6EN9
yghW	
yghX_1	
yghX_2	
yghZ	3N6Q
yqhA	
yqhC	
yqhD	1OJ7
dkgA	1MZR
yqhG	
yqhH	
ygiQ	
ygiS	
mqsA	2KZ8
mqsR	3HI2
ygiV	
ygiW	1NNX
qseB	5UIC
ygiZ	
yqiA	4FLE
cpdA	5UZA
yqiB	
yqiC	
insC-5	4A1S
yqiG	
yqiH	
yqiI	
yqiJ	
yqiK	
rfaE	5XF2
yqjH	
yqjI	
aer	6WR1
patA	5OCE
ygjH	3ERS
ygjJ	
ygjK	3W7U
higA	6JQ4
higB	5IWH
rlmG	4DCM
ygjP	4JIU
ygjQ	
ygjR	
alx	2CS0
ygjV	
yqjA	
mzrA	4PWU
yqjC	3HDP
yqjD	
yqjE	
yqjK	4GCW
yqjF	
yqjG	3R3E
yhaH	
yhaI	1SED
yhaJ	
yhaK	2VEC
yhaL	1SED
yhaM	
tdcG	
tdcF	2UYP
tdcE	
yhaV	
agaR	4H29
kbaZ	2FIQ
agaV	3P3V
agaW	
agaS	3I0Z
agaD	4ASM
agaI	
yraH	
yraI	
yraJ	
yraK	
rsmI	5HW4
lpoA	5VBG
yraN	3K7W
yraP	7A2D
yraQ	
yraR	
yhbO	1OI4
yhbP	
yhbQ	
yhbS	4RS2
yhbT	
yhbU	
yhbV	
yhbW	
yhbX	4KAY
obgE	5M04
ibaG	1NY8
mlaB	6XGY
mlaC	5UWA
kdsD	2XHZ
kdsC	3I6B
lptC	3MY2
lptA	2R19
yrbL	
mtgA	6SK4
yhcC	6IAZ
yhcD	
ychE_1	
insH-10	1Y6M
yhcF	
yhcG	
yhcH	1JOP
nanK	6Q27
nanE	5ZJP
nanR	6WG7
dcuD	
yhcM	
yhcB	
degQ	3PV4
yhcN	4EVU
yhcO	2CX6
aaeB	
aaeA	
aaeX	
aaeR	6GIO
tldD	5NJB
yhdP	
yhdT	
yhdU	
yhdV	
yrdA	3TIS
yrdB	
tsaC	2MX1
yrdD	4RUL
gspA	5V8C
gspC	3OSS
gspD	3OSS
gspE	4KSR
gspF	4HHX
gspG	3GN9
gspH	2KNQ
gspI	3CI0
gspJ	3CI0
gspK	3CI0
gspL	6GHU
tusB	2D1P
tusC	2D1P
tusD	2D1P
yheO	
fkpA	1Q6U
kefG	
yheT	
yheU	
yhfK	
yhfL	
frlB	3FKJ
frlC	
frlD	
frlR	
yhfS	4J8L
yhfT	
yhfU	
php	2ANU
yhfW	
yhfX	4KBX
yhfY	
yhfZ	2OZZ
hofP	
hofO	
hofN	
hofM	
nudE	2V66
yrfF	4UZM
yrfG	
hslR	
hslO	3M7M
yhgE	
yhgF	
gntX	
nfuA	
rtcA	3TW3
rtcB	4IT0
yzgL	
yhgN	
yhhW	1TQ5
yhhX	3F4L
yhhY	6Q8C
yhhZ	
yrhA	
insA-6	1Z24
yrhB	6KHQ
dcrB	6E8A
insH-11	4MHL
insJ	
insK	
dgoR	7C7E
yifO	
yifN	
rffT	
yzcX	
ysgA	3F67
tatA	1QNA
tatB	2MI2
ompL	
cpxP	3QZC
rpiR	3IWF
phnE_2	
yjcZ	
yjdF	
dcuR	
dcuS	1OJG
yjdI	
yjdJ	5I0C
yjdK	2LLZ
fxsA	
yjeH	
yjeI	
yjeJ	
epmB	
blc	3MBT
yjeN	
yjeO	
mscM	3HZQ
rsgA	6H4D
orn	5SUU
queG	5T8Y
yjeT	
rlmB	1GZ0
yjfI	
yjfJ	
yjfK	
yjfL	
yjfM	
yjfN	
bsmA	3PL0
yjfP	
ulaR	
ulaG	2WYL
ulaA	4RP9
ulaD	1XBZ
ulaE	3CQH
ulaF	3CQH
yjfY	
yjfZ	
ytfA	
ytfB	
fklB	3B09
ytfE	5FNP
ytfF	
ytfG	2ZCU
ytfH	1YYV
ytfI	
ytfJ	
ytfK	
ytfL	
tamA	4BZA
tamB	5VTG
ytfP	1XHS
ridA	6TCC
yjgH	1PF5
bdcA	4PCV
bdcR	
tabA	1S4C
yjgL	
rraB	1NXI
yjgM	
yjgN	
lptF	5X5Y
lptG	7EFO
yjgR	
idnR	
idnO	5U9P
idnD	6DKH
insC-6	4A1S
yjgW	
yjgX_2	
yjgX_1	
yjgZ	
insG	
yjhC	6O15
yjhD	
yjhE	
insN-2	2H6O
insI-3	2H6O
insO-2	2H6O
yjhV	
insA-7	1Z24
yjhU	
yjhG	
yjhH	
yjhI	
sgcR	6HRM
sgcE	
sgcQ	
yjhP	1NKV
yjhQ	
yjhR	
nanS	3PT5
nanM	
nanC	2WJQ
yjiC	6KQX
iraD	6OD1
hypT	5YDV
iadA	5XGW
yjiG	
yjiH	
kptA	1WFX
yjiJ	
yjiK	3QQZ
yjiL	6FKR
yjiM	
yjiN	
yjiP	
yjiQ	
yjiR	
yjiS	
yjiT	
symE	2X46
yjiX	
yjiY	
yjjM	
yjjN	
yjjP	
yjjQ	
bglJ	
fhuF	7CBB
rsmC	2PJD
yjjU	
yjjV	1ZZM
yjjW	3CAN
yjjY	
feaB	
fruB	3LFG
cysT	6UXL
uxaC	2Q01
nrdG	
yaaI	
ydbA_2	
gapC_1	
gatR_1	
molR_2	
molR_3	
srlA	
ilvG_1	
xapA	1YR3
dgoD	3RRA
rpe	3CTL
thiM	6K28
hcaE	4QCK
mhpA	
mhpB	
mhpC	1U2E
mhpD	2WQT
mhpF	4JN6
hcaF	
ruvA	1IXR
ruvB	1IN8
